x-axis,1,2,EXT
second,Volt,Volt,
-500.0000E-03,+3.3613070E+00,+2.5348743E+00,0
-499.5000E-03,+3.0095482E+00,+2.3841205E+00,0
-499.0000E-03,+3.6628146E+00,+2.5348743E+00,0
-498.5000E-03,+3.3110558E+00,+2.6353768E+00,0
-498.0000E-03,+2.7582919E+00,+2.9368843E+00,0
-497.5000E-03,+3.6628146E+00,+2.6353768E+00,0
-497.0000E-03,+3.8638196E+00,+2.9368843E+00,0
-496.5000E-03,+3.9643221E+00,+2.8866331E+00,0
-496.0000E-03,+3.7633171E+00,+3.1378894E+00,0
-495.5000E-03,+3.8638196E+00,+3.1378894E+00,0
-495.0000E-03,+3.8638196E+00,+3.0373868E+00,0
-494.5000E-03,+4.2155784E+00,+3.2383919E+00,0
-494.0000E-03,+4.3663321E+00,+3.3388944E+00,0
-493.5000E-03,+3.5623120E+00,+2.8866331E+00,0
-493.0000E-03,+4.1653271E+00,+2.9368843E+00,0
-492.5000E-03,+3.6628146E+00,+3.0876381E+00,0
-492.0000E-03,+3.3613070E+00,+2.7358793E+00,0
-491.5000E-03,+4.1653271E+00,+2.7358793E+00,0
-491.0000E-03,+3.7633171E+00,+2.7358793E+00,0
-490.5000E-03,+3.8135683E+00,+2.6353768E+00,0
-490.0000E-03,+3.9643221E+00,+2.7358793E+00,0
-489.5000E-03,+3.9140708E+00,+2.5348743E+00,0
-489.0000E-03,+4.0648246E+00,+2.4343718E+00,0
-488.5000E-03,+4.0648246E+00,+2.6856280E+00,0
-488.0000E-03,+3.5623120E+00,+2.7358793E+00,0
-487.5000E-03,+3.9643221E+00,+2.2836180E+00,0
-487.0000E-03,+3.4618095E+00,+2.4343718E+00,0
-486.5000E-03,+4.0648246E+00,+2.4846230E+00,0
-486.0000E-03,+4.1653271E+00,+2.7358793E+00,0
-485.5000E-03,+3.3110558E+00,+2.6856280E+00,0
-485.0000E-03,+3.9643221E+00,+2.4343718E+00,0
-484.5000E-03,+3.8135683E+00,+2.5851255E+00,0
-484.0000E-03,+3.3613070E+00,+2.5348743E+00,0
-483.5000E-03,+3.3613070E+00,+2.0323617E+00,0
-483.0000E-03,+3.4618095E+00,+2.5348743E+00,0
-482.5000E-03,+3.8135683E+00,+2.1328642E+00,0
-482.0000E-03,+3.5623120E+00,+1.9318592E+00,0
-481.5000E-03,+3.6628146E+00,+2.2836180E+00,0
-481.0000E-03,+3.3613070E+00,+2.7358793E+00,0
-480.5000E-03,+4.2658296E+00,+2.8866331E+00,0
-480.0000E-03,+4.1653271E+00,+2.7358793E+00,0
-479.5000E-03,+4.1150759E+00,+2.3338692E+00,0
-479.0000E-03,+3.7633171E+00,+2.2333667E+00,0
-478.5000E-03,+3.7633171E+00,+2.9871356E+00,0
-478.0000E-03,+4.1653271E+00,+2.1328642E+00,0
-477.5000E-03,+3.7633171E+00,+3.0373868E+00,0
-477.0000E-03,+4.2658296E+00,+2.9368843E+00,0
-476.5000E-03,+4.2155784E+00,+2.7861306E+00,0
-476.0000E-03,+4.1653271E+00,+3.7409044E+00,0
-475.5000E-03,+4.1653271E+00,+3.1378894E+00,0
-475.0000E-03,+4.0648246E+00,+3.2383919E+00,0
-474.5000E-03,+4.4165834E+00,+3.5901507E+00,0
-474.0000E-03,+4.5673372E+00,+3.1378894E+00,0
-473.5000E-03,+3.9643221E+00,+3.8414069E+00,0
-473.0000E-03,+3.7633171E+00,+4.1429145E+00,0
-472.5000E-03,+4.2155784E+00,+3.7409044E+00,0
-472.0000E-03,+3.9643221E+00,+3.9419095E+00,0
-471.5000E-03,+4.0648246E+00,+3.9921607E+00,0
-471.0000E-03,+3.8638196E+00,+3.9419095E+00,0
-470.5000E-03,+3.8638196E+00,+4.0926632E+00,0
-470.0000E-03,+3.5623120E+00,+3.9419095E+00,0
-469.5000E-03,+3.2608045E+00,+3.6404019E+00,0
-469.0000E-03,+3.6628146E+00,+3.7409044E+00,0
-468.5000E-03,+3.5623120E+00,+3.8414069E+00,0
-468.0000E-03,+3.7633171E+00,+3.9419095E+00,0
-467.5000E-03,+3.4618095E+00,+3.8414069E+00,0
-467.0000E-03,+3.3613070E+00,+3.7409044E+00,0
-466.5000E-03,+3.3613070E+00,+3.8916582E+00,0
-466.0000E-03,+2.9592970E+00,+4.3439195E+00,0
-465.5000E-03,+2.4065331E+00,+3.8414069E+00,0
-465.0000E-03,+2.5572869E+00,+3.9419095E+00,0
-464.5000E-03,+2.7582919E+00,+3.9921607E+00,0
-464.0000E-03,+1.9542718E+00,+3.7409044E+00,0
-463.5000E-03,+1.9542718E+00,+4.0424120E+00,0
-463.0000E-03,+2.4567844E+00,+3.9419095E+00,0
-462.5000E-03,+2.4567844E+00,+3.7409044E+00,0
-462.0000E-03,+2.3562819E+00,+3.5398994E+00,0
-461.5000E-03,+2.2557794E+00,+4.2936683E+00,0
-461.0000E-03,+2.1552768E+00,+3.3388944E+00,0
-460.5000E-03,+2.3562819E+00,+3.3891456E+00,0
-460.0000E-03,+2.1552768E+00,+3.5398994E+00,0
-459.5000E-03,+2.5572869E+00,+3.7911557E+00,0
-459.0000E-03,+2.3562819E+00,+4.2434170E+00,0
-458.5000E-03,+2.3060306E+00,+3.3891456E+00,0
-458.0000E-03,+2.5572869E+00,+3.5398994E+00,0
-457.5000E-03,+2.3562819E+00,+4.6454271E+00,0
-457.0000E-03,+2.5572869E+00,+3.9419095E+00,0
-456.5000E-03,+2.5070356E+00,+3.6404019E+00,0
-456.0000E-03,+2.9592970E+00,+3.9419095E+00,0
-455.5000E-03,+2.5572869E+00,+3.8916582E+00,0
-455.0000E-03,+2.7582919E+00,+3.5398994E+00,0
-454.5000E-03,+2.7080407E+00,+3.9921607E+00,0
-454.0000E-03,+2.7582919E+00,+3.9419095E+00,0
-453.5000E-03,+2.9592970E+00,+3.7911557E+00,0
-453.0000E-03,+2.9592970E+00,+3.9419095E+00,0
-452.5000E-03,+3.0095482E+00,+3.9419095E+00,0
-452.0000E-03,+3.3613070E+00,+4.1429145E+00,0
-451.5000E-03,+3.1603020E+00,+4.0424120E+00,0
-451.0000E-03,+3.2608045E+00,+3.5398994E+00,0
-450.5000E-03,+3.4115583E+00,+4.0926632E+00,0
-450.0000E-03,+3.3613070E+00,+3.9419095E+00,0
-449.5000E-03,+3.5120608E+00,+3.9921607E+00,0
-449.0000E-03,+3.5623120E+00,+4.0424120E+00,0
-448.5000E-03,+3.6628146E+00,+3.6906532E+00,0
-448.0000E-03,+3.3613070E+00,+4.1429145E+00,0
-447.5000E-03,+3.5623120E+00,+3.7911557E+00,0
-447.0000E-03,+3.7633171E+00,+4.0424120E+00,0
-446.5000E-03,+3.6628146E+00,+3.8916582E+00,0
-446.0000E-03,+3.9643221E+00,+3.9419095E+00,0
-445.5000E-03,+3.6628146E+00,+3.6906532E+00,0
-445.0000E-03,+3.4618095E+00,+3.4393969E+00,0
-444.5000E-03,+3.4115583E+00,+3.2886431E+00,0
-444.0000E-03,+3.3613070E+00,+3.3388944E+00,0
-443.5000E-03,+3.2608045E+00,+2.9871356E+00,0
-443.0000E-03,+3.1603020E+00,+3.1378894E+00,0
-442.5000E-03,+3.1100507E+00,+2.8363818E+00,0
-442.0000E-03,+3.1603020E+00,+2.9368843E+00,0
-441.5000E-03,+2.9592970E+00,+2.9871356E+00,0
-441.0000E-03,+2.9592970E+00,+2.5348743E+00,0
-440.5000E-03,+2.8587944E+00,+2.7861306E+00,0
-440.0000E-03,+2.9592970E+00,+2.9368843E+00,0
-439.5000E-03,+2.9592970E+00,+2.5851255E+00,0
-439.0000E-03,+2.5572869E+00,+1.9318592E+00,0
-438.5000E-03,+2.4065331E+00,+1.9318592E+00,0
-438.0000E-03,+2.7582919E+00,+2.1328642E+00,0
-437.5000E-03,+2.3562819E+00,+1.6806029E+00,0
-437.0000E-03,+2.2557794E+00,+1.6303517E+00,0
-436.5000E-03,+1.8035181E+00,+1.6806029E+00,0
-436.0000E-03,+2.1552768E+00,+1.7308542E+00,0
-435.5000E-03,+2.0547743E+00,+1.5298491E+00,0
-435.0000E-03,+1.9542718E+00,+1.5298491E+00,0
-434.5000E-03,+2.2557794E+00,+1.6303517E+00,0
-434.0000E-03,+1.9542718E+00,+1.7308542E+00,0
-433.5000E-03,+2.5572869E+00,+2.0826130E+00,0
-433.0000E-03,+2.3562819E+00,+1.7308542E+00,0
-432.5000E-03,+2.5572869E+00,+2.1328642E+00,0
-432.0000E-03,+3.1603020E+00,+2.1328642E+00,0
-431.5000E-03,+2.7080407E+00,+1.9318592E+00,0
-431.0000E-03,+2.7582919E+00,+2.1328642E+00,0
-430.5000E-03,+2.7582919E+00,+2.1831155E+00,0
-430.0000E-03,+3.3613070E+00,+2.5348743E+00,0
-429.5000E-03,+3.3613070E+00,+2.4846230E+00,0
-429.0000E-03,+3.2608045E+00,+2.6353768E+00,0
-428.5000E-03,+3.8135683E+00,+2.6856280E+00,0
-428.0000E-03,+4.1653271E+00,+2.5348743E+00,0
-427.5000E-03,+3.5120608E+00,+2.7861306E+00,0
-427.0000E-03,+3.6628146E+00,+2.5348743E+00,0
-426.5000E-03,+3.6628146E+00,+2.7358793E+00,0
-426.0000E-03,+3.9643221E+00,+2.9368843E+00,0
-425.5000E-03,+3.7633171E+00,+3.0876381E+00,0
-425.0000E-03,+4.0648246E+00,+3.0373868E+00,0
-424.5000E-03,+4.5170859E+00,+3.0373868E+00,0
-424.0000E-03,+4.5673372E+00,+2.9368843E+00,0
-423.5000E-03,+3.9140708E+00,+3.3388944E+00,0
-423.0000E-03,+3.9643221E+00,+3.0373868E+00,0
-422.5000E-03,+3.6125633E+00,+2.9871356E+00,0
-422.0000E-03,+4.1653271E+00,+3.3388944E+00,0
-421.5000E-03,+4.3160809E+00,+2.5851255E+00,0
-421.0000E-03,+3.6628146E+00,+2.9368843E+00,0
-420.5000E-03,+4.0648246E+00,+2.7358793E+00,0
-420.0000E-03,+4.5673372E+00,+2.5348743E+00,0
-419.5000E-03,+4.2155784E+00,+2.7861306E+00,0
-419.0000E-03,+4.1653271E+00,+2.6353768E+00,0
-418.5000E-03,+3.8135683E+00,+2.4343718E+00,0
-418.0000E-03,+3.9643221E+00,+2.3338692E+00,0
-417.5000E-03,+3.9140708E+00,+2.4846230E+00,0
-417.0000E-03,+4.3663321E+00,+2.3338692E+00,0
-416.5000E-03,+4.2658296E+00,+2.6856280E+00,0
-416.0000E-03,+4.1653271E+00,+2.3338692E+00,0
-415.5000E-03,+3.3613070E+00,+2.1831155E+00,0
-415.0000E-03,+3.7633171E+00,+2.3338692E+00,0
-414.5000E-03,+3.8135683E+00,+2.2333667E+00,0
-414.0000E-03,+3.9643221E+00,+2.3338692E+00,0
-413.5000E-03,+3.6125633E+00,+2.5851255E+00,0
-413.0000E-03,+3.8638196E+00,+2.7358793E+00,0
-412.5000E-03,+3.2105532E+00,+2.7358793E+00,0
-412.0000E-03,+3.9643221E+00,+2.1328642E+00,0
-411.5000E-03,+3.8638196E+00,+2.8866331E+00,0
-411.0000E-03,+3.8638196E+00,+2.6353768E+00,0
-410.5000E-03,+3.9643221E+00,+2.6856280E+00,0
-410.0000E-03,+2.7582919E+00,+2.7358793E+00,0
-409.5000E-03,+3.7130658E+00,+2.8866331E+00,0
-409.0000E-03,+3.6628146E+00,+2.6353768E+00,0
-408.5000E-03,+3.4618095E+00,+2.5851255E+00,0
-408.0000E-03,+3.3613070E+00,+2.3338692E+00,0
-407.5000E-03,+3.8135683E+00,+2.7861306E+00,0
-407.0000E-03,+3.8638196E+00,+2.8363818E+00,0
-406.5000E-03,+3.3110558E+00,+2.7358793E+00,0
-406.0000E-03,+4.1653271E+00,+3.5398994E+00,0
-405.5000E-03,+4.0648246E+00,+2.8363818E+00,0
-405.0000E-03,+4.0648246E+00,+3.1378894E+00,0
-404.5000E-03,+3.4115583E+00,+3.1378894E+00,0
-404.0000E-03,+4.3663321E+00,+2.9368843E+00,0
-403.5000E-03,+4.2658296E+00,+3.3891456E+00,0
-403.0000E-03,+3.7633171E+00,+3.4393969E+00,0
-402.5000E-03,+3.4115583E+00,+3.1881406E+00,0
-402.0000E-03,+3.3613070E+00,+3.9419095E+00,0
-401.5000E-03,+3.6628146E+00,+3.6404019E+00,0
-401.0000E-03,+3.6628146E+00,+3.8414069E+00,0
-400.5000E-03,+3.8638196E+00,+3.6906532E+00,0
-400.0000E-03,+3.3613070E+00,+4.1429145E+00,1
-399.5000E-03,+4.4165834E+00,+3.3388944E+00,1
-399.0000E-03,+3.7633171E+00,+3.8414069E+00,1
-398.5000E-03,+3.4618095E+00,+3.9419095E+00,1
-398.0000E-03,+4.5673372E+00,+4.3439195E+00,1
-397.5000E-03,+3.3613070E+00,+4.3439195E+00,1
-397.0000E-03,+3.6628146E+00,+3.6404019E+00,1
-396.5000E-03,+3.7633171E+00,+3.5398994E+00,1
-396.0000E-03,+3.5623120E+00,+3.5398994E+00,1
-395.5000E-03,+3.2608045E+00,+3.3388944E+00,1
-395.0000E-03,+2.3562819E+00,+3.7409044E+00,1
-394.5000E-03,+3.0095482E+00,+3.4393969E+00,1
-394.0000E-03,+2.3562819E+00,+3.9419095E+00,1
-393.5000E-03,+2.7080407E+00,+3.5901507E+00,1
-393.0000E-03,+2.2557794E+00,+3.6404019E+00,1
-392.5000E-03,+2.7582919E+00,+3.3891456E+00,1
-392.0000E-03,+2.1552768E+00,+3.7409044E+00,1
-391.5000E-03,+2.0045231E+00,+3.7911557E+00,1
-391.0000E-03,+2.1552768E+00,+3.3388944E+00,1
-390.5000E-03,+2.0547743E+00,+3.6906532E+00,1
-390.0000E-03,+1.9542718E+00,+3.1378894E+00,1
-389.5000E-03,+1.7532668E+00,+3.3891456E+00,1
-389.0000E-03,+2.3562819E+00,+3.2383919E+00,1
-388.5000E-03,+2.0547743E+00,+3.4393969E+00,1
-388.0000E-03,+2.3562819E+00,+3.5398994E+00,1
-387.5000E-03,+2.4567844E+00,+3.2886431E+00,1
-387.0000E-03,+2.2557794E+00,+3.3388944E+00,1
-386.5000E-03,+2.3060306E+00,+3.7911557E+00,1
-386.0000E-03,+2.3562819E+00,+3.3388944E+00,1
-385.5000E-03,+2.4065331E+00,+3.0876381E+00,1
-385.0000E-03,+2.5572869E+00,+3.7409044E+00,1
-384.5000E-03,+2.6075382E+00,+3.0876381E+00,1
-384.0000E-03,+2.9592970E+00,+3.1378894E+00,1
-383.5000E-03,+2.6577894E+00,+3.5901507E+00,1
-383.0000E-03,+2.5572869E+00,+3.9419095E+00,1
-382.5000E-03,+2.6075382E+00,+3.4896482E+00,1
-382.0000E-03,+2.7582919E+00,+3.3388944E+00,1
-381.5000E-03,+2.8587944E+00,+3.2383919E+00,1
-381.0000E-03,+3.1603020E+00,+3.9419095E+00,1
-380.5000E-03,+3.1100507E+00,+3.6404019E+00,1
-380.0000E-03,+2.9592970E+00,+3.3388944E+00,1
-379.5000E-03,+3.0597995E+00,+3.7911557E+00,1
-379.0000E-03,+3.2608045E+00,+3.8414069E+00,1
-378.5000E-03,+3.1603020E+00,+3.8414069E+00,1
-378.0000E-03,+3.3613070E+00,+3.5398994E+00,1
-377.5000E-03,+3.5623120E+00,+3.5398994E+00,1
-377.0000E-03,+3.6628146E+00,+3.6404019E+00,1
-376.5000E-03,+3.4618095E+00,+4.0926632E+00,1
-376.0000E-03,+3.5623120E+00,+3.9419095E+00,1
-375.5000E-03,+3.4115583E+00,+3.1378894E+00,1
-375.0000E-03,+3.4618095E+00,+3.7409044E+00,1
-374.5000E-03,+3.6628146E+00,+3.2383919E+00,1
-374.0000E-03,+3.3613070E+00,+3.1378894E+00,1
-373.5000E-03,+3.4618095E+00,+3.1881406E+00,1
-373.0000E-03,+3.6628146E+00,+3.0373868E+00,1
-372.5000E-03,+3.2105532E+00,+2.8866331E+00,1
-372.0000E-03,+3.3613070E+00,+2.3338692E+00,1
-371.5000E-03,+3.0597995E+00,+2.7861306E+00,1
-371.0000E-03,+3.0597995E+00,+2.6353768E+00,1
-370.5000E-03,+3.3110558E+00,+2.5348743E+00,1
-370.0000E-03,+3.3613070E+00,+1.7308542E+00,1
-369.5000E-03,+3.0095482E+00,+2.1831155E+00,1
-369.0000E-03,+2.9592970E+00,+2.0323617E+00,1
-368.5000E-03,+3.1100507E+00,+1.9318592E+00,1
-368.0000E-03,+2.5572869E+00,+1.7308542E+00,1
-367.5000E-03,+2.5070356E+00,+1.7308542E+00,1
-367.0000E-03,+2.5572869E+00,+1.5298491E+00,1
-366.5000E-03,+2.6075382E+00,+1.4293466E+00,1
-366.0000E-03,+2.3562819E+00,+1.7308542E+00,1
-365.5000E-03,+2.3562819E+00,+1.3790954E+00,1
-365.0000E-03,+2.3562819E+00,+1.4293466E+00,1
-364.5000E-03,+2.3060306E+00,+1.4795979E+00,1
-364.0000E-03,+1.9542718E+00,+1.3288441E+00,1
-363.5000E-03,+1.8035181E+00,+1.9821105E+00,1
-363.0000E-03,+1.8537693E+00,+1.6303517E+00,1
-362.5000E-03,+1.9542718E+00,+1.8816079E+00,1
-362.0000E-03,+2.1552768E+00,+1.5298491E+00,1
-361.5000E-03,+2.1050256E+00,+2.2836180E+00,1
-361.0000E-03,+2.2557794E+00,+1.7308542E+00,1
-360.5000E-03,+2.6075382E+00,+2.0323617E+00,1
-360.0000E-03,+2.1552768E+00,+1.9318592E+00,1
-359.5000E-03,+2.3060306E+00,+2.1831155E+00,1
-359.0000E-03,+3.0597995E+00,+2.2333667E+00,1
-358.5000E-03,+2.4567844E+00,+2.1328642E+00,1
-358.0000E-03,+3.1603020E+00,+2.5348743E+00,1
-357.5000E-03,+2.7080407E+00,+2.6353768E+00,1
-357.0000E-03,+3.1603020E+00,+2.4343718E+00,1
-356.5000E-03,+3.5120608E+00,+2.6856280E+00,1
-356.0000E-03,+3.7633171E+00,+2.7358793E+00,1
-355.5000E-03,+3.1603020E+00,+2.5348743E+00,1
-355.0000E-03,+3.5623120E+00,+2.8363818E+00,1
-354.5000E-03,+3.5623120E+00,+2.7861306E+00,1
-354.0000E-03,+3.5623120E+00,+3.1378894E+00,1
-353.5000E-03,+3.9140708E+00,+3.1881406E+00,1
-353.0000E-03,+3.6628146E+00,+3.0373868E+00,1
-352.5000E-03,+4.5673372E+00,+3.1378894E+00,1
-352.0000E-03,+4.3663321E+00,+2.9368843E+00,1
-351.5000E-03,+3.8638196E+00,+2.9871356E+00,1
-351.0000E-03,+4.1653271E+00,+2.9368843E+00,1
-350.5000E-03,+3.9140708E+00,+2.9368843E+00,1
-350.0000E-03,+4.1653271E+00,+2.7358793E+00,1
-349.5000E-03,+4.1653271E+00,+2.7358793E+00,1
-349.0000E-03,+4.0648246E+00,+2.5348743E+00,1
-348.5000E-03,+3.8638196E+00,+2.8363818E+00,1
-348.0000E-03,+4.1653271E+00,+2.3338692E+00,1
-347.5000E-03,+3.9140708E+00,+2.4343718E+00,1
-347.0000E-03,+4.0648246E+00,+2.6353768E+00,1
-346.5000E-03,+3.9643221E+00,+2.5851255E+00,1
-346.0000E-03,+3.5623120E+00,+2.5348743E+00,1
-345.5000E-03,+4.1150759E+00,+2.1831155E+00,1
-345.0000E-03,+3.4618095E+00,+2.5348743E+00,1
-344.5000E-03,+4.1150759E+00,+2.3338692E+00,1
-344.0000E-03,+3.9643221E+00,+2.3338692E+00,1
-343.5000E-03,+3.8638196E+00,+2.2836180E+00,1
-343.0000E-03,+3.5623120E+00,+2.1328642E+00,1
-342.5000E-03,+4.0145733E+00,+2.5348743E+00,1
-342.0000E-03,+3.9643221E+00,+2.7358793E+00,1
-341.5000E-03,+3.9643221E+00,+2.3841205E+00,1
-341.0000E-03,+3.6628146E+00,+2.8363818E+00,1
-340.5000E-03,+3.9140708E+00,+2.5348743E+00,1
-340.0000E-03,+3.9643221E+00,+2.1328642E+00,1
-339.5000E-03,+3.6125633E+00,+2.3338692E+00,1
-339.0000E-03,+3.6628146E+00,+2.4343718E+00,1
-338.5000E-03,+3.7633171E+00,+2.7358793E+00,1
-338.0000E-03,+3.9643221E+00,+2.3338692E+00,1
-337.5000E-03,+3.7633171E+00,+2.5851255E+00,1
-337.0000E-03,+3.8638196E+00,+2.4343718E+00,1
-336.5000E-03,+4.1653271E+00,+3.1881406E+00,1
-336.0000E-03,+4.3663321E+00,+3.1378894E+00,1
-335.5000E-03,+3.7633171E+00,+2.8363818E+00,1
-335.0000E-03,+3.9643221E+00,+2.8363818E+00,1
-334.5000E-03,+3.8135683E+00,+3.1378894E+00,1
-334.0000E-03,+4.1653271E+00,+2.7358793E+00,1
-333.5000E-03,+4.2155784E+00,+2.5851255E+00,1
-333.0000E-03,+3.8638196E+00,+3.0373868E+00,1
-332.5000E-03,+4.0145733E+00,+3.5901507E+00,1
-332.0000E-03,+3.7633171E+00,+3.5398994E+00,1
-331.5000E-03,+4.4165834E+00,+3.1378894E+00,1
-331.0000E-03,+4.2658296E+00,+3.6404019E+00,1
-330.5000E-03,+4.1653271E+00,+3.8916582E+00,1
-330.0000E-03,+3.9643221E+00,+3.5398994E+00,1
-329.5000E-03,+4.0145733E+00,+4.0926632E+00,1
-329.0000E-03,+4.0648246E+00,+4.0424120E+00,1
-328.5000E-03,+4.1653271E+00,+4.1931657E+00,1
-328.0000E-03,+3.9643221E+00,+4.1429145E+00,1
-327.5000E-03,+3.9140708E+00,+4.0424120E+00,1
-327.0000E-03,+3.6628146E+00,+4.0424120E+00,1
-326.5000E-03,+3.8135683E+00,+3.9419095E+00,1
-326.0000E-03,+3.9643221E+00,+4.3439195E+00,1
-325.5000E-03,+3.7130658E+00,+4.1429145E+00,1
-325.0000E-03,+3.5623120E+00,+4.2434170E+00,1
-324.5000E-03,+3.5623120E+00,+3.9921607E+00,1
-324.0000E-03,+3.3613070E+00,+3.7409044E+00,1
-323.5000E-03,+3.1603020E+00,+4.3439195E+00,1
-323.0000E-03,+3.0597995E+00,+4.1429145E+00,1
-322.5000E-03,+2.8587944E+00,+4.1429145E+00,1
-322.0000E-03,+3.1603020E+00,+3.9419095E+00,1
-321.5000E-03,+2.2055281E+00,+4.1931657E+00,1
-321.0000E-03,+2.7582919E+00,+3.7409044E+00,1
-320.5000E-03,+2.7080407E+00,+4.0926632E+00,1
-320.0000E-03,+2.3562819E+00,+4.1429145E+00,1
-319.5000E-03,+2.0045231E+00,+3.9419095E+00,1
-319.0000E-03,+2.0547743E+00,+3.7409044E+00,1
-318.5000E-03,+2.3562819E+00,+3.5398994E+00,1
-318.0000E-03,+2.5572869E+00,+3.7409044E+00,1
-317.5000E-03,+2.3060306E+00,+3.7409044E+00,1
-317.0000E-03,+2.0547743E+00,+3.6404019E+00,1
-316.5000E-03,+2.0045231E+00,+3.2383919E+00,1
-316.0000E-03,+2.3562819E+00,+3.7409044E+00,1
-315.5000E-03,+2.1552768E+00,+3.3388944E+00,1
-315.0000E-03,+2.3562819E+00,+3.5398994E+00,1
-314.5000E-03,+2.2055281E+00,+3.7409044E+00,1
-314.0000E-03,+2.7582919E+00,+4.1429145E+00,1
-313.5000E-03,+2.6577894E+00,+3.6906532E+00,1
-313.0000E-03,+2.7582919E+00,+3.9419095E+00,1
-312.5000E-03,+2.8085432E+00,+4.0424120E+00,1
-312.0000E-03,+2.7582919E+00,+3.7409044E+00,1
-311.5000E-03,+2.8587944E+00,+3.8916582E+00,1
-311.0000E-03,+2.7582919E+00,+4.0424120E+00,1
-310.5000E-03,+2.9090457E+00,+3.8414069E+00,1
-310.0000E-03,+2.9592970E+00,+4.1429145E+00,1
-309.5000E-03,+2.8085432E+00,+3.9419095E+00,1
-309.0000E-03,+3.2608045E+00,+3.9419095E+00,1
-308.5000E-03,+3.2608045E+00,+3.8916582E+00,1
-308.0000E-03,+3.3613070E+00,+3.9419095E+00,1
-307.5000E-03,+3.1100507E+00,+4.2936683E+00,1
-307.0000E-03,+3.3613070E+00,+3.7409044E+00,1
-306.5000E-03,+3.3613070E+00,+4.1429145E+00,1
-306.0000E-03,+3.5623120E+00,+3.9419095E+00,1
-305.5000E-03,+3.4115583E+00,+3.7409044E+00,1
-305.0000E-03,+3.6628146E+00,+3.9419095E+00,1
-304.5000E-03,+3.9140708E+00,+4.1931657E+00,1
-304.0000E-03,+3.7633171E+00,+4.1429145E+00,1
-303.5000E-03,+3.5120608E+00,+3.9921607E+00,1
-303.0000E-03,+3.3613070E+00,+3.6404019E+00,1
-302.5000E-03,+3.4115583E+00,+3.2383919E+00,1
-302.0000E-03,+3.1603020E+00,+3.9419095E+00,1
-301.5000E-03,+3.5120608E+00,+2.9871356E+00,1
-301.0000E-03,+3.1603020E+00,+3.7409044E+00,1
-300.5000E-03,+3.5120608E+00,+3.0373868E+00,1
-300.0000E-03,+3.1603020E+00,+3.1378894E+00,0
-299.5000E-03,+3.4115583E+00,+3.1881406E+00,0
-299.0000E-03,+3.1603020E+00,+2.6353768E+00,0
-298.5000E-03,+3.3110558E+00,+2.5851255E+00,0
-298.0000E-03,+2.9592970E+00,+3.1378894E+00,0
-297.5000E-03,+3.0597995E+00,+2.2836180E+00,0
-297.0000E-03,+3.0597995E+00,+2.3338692E+00,0
-296.5000E-03,+2.9090457E+00,+2.0323617E+00,0
-296.0000E-03,+2.3562819E+00,+2.5348743E+00,0
-295.5000E-03,+2.6075382E+00,+2.4343718E+00,0
-295.0000E-03,+2.3562819E+00,+1.7308542E+00,0
-294.5000E-03,+1.9040206E+00,+1.7308542E+00,0
-294.0000E-03,+1.5522618E+00,+1.7308542E+00,0
-293.5000E-03,+2.3060306E+00,+2.0826130E+00,0
-293.0000E-03,+1.9542718E+00,+1.8313567E+00,0
-292.5000E-03,+2.1050256E+00,+1.8313567E+00,0
-292.0000E-03,+2.1552768E+00,+1.7308542E+00,0
-291.5000E-03,+2.0547743E+00,+1.5801004E+00,0
-291.0000E-03,+1.9542718E+00,+1.7308542E+00,0
-290.5000E-03,+2.3060306E+00,+1.7811054E+00,0
-290.0000E-03,+2.1552768E+00,+2.1328642E+00,0
-289.5000E-03,+2.0547743E+00,+1.6303517E+00,0
-289.0000E-03,+1.9542718E+00,+1.9318592E+00,0
-288.5000E-03,+2.5572869E+00,+1.8313567E+00,0
-288.0000E-03,+2.3562819E+00,+1.9318592E+00,0
-287.5000E-03,+2.4065331E+00,+2.1328642E+00,0
-287.0000E-03,+3.0597995E+00,+2.2333667E+00,0
-286.5000E-03,+3.3110558E+00,+2.1831155E+00,0
-286.0000E-03,+4.1653271E+00,+2.5348743E+00,0
-285.5000E-03,+3.4618095E+00,+2.3338692E+00,0
-285.0000E-03,+3.2608045E+00,+2.5348743E+00,0
-284.5000E-03,+4.2155784E+00,+2.2333667E+00,0
-284.0000E-03,+3.7633171E+00,+2.5348743E+00,0
-283.5000E-03,+3.9140708E+00,+2.7358793E+00,0
-283.0000E-03,+4.0648246E+00,+2.7358793E+00,0
-282.5000E-03,+3.4618095E+00,+2.7861306E+00,0
-282.0000E-03,+4.5673372E+00,+2.9368843E+00,0
-281.5000E-03,+4.1653271E+00,+2.7358793E+00,0
-281.0000E-03,+3.8638196E+00,+3.2383919E+00,0
-280.5000E-03,+4.2658296E+00,+3.0876381E+00,0
-280.0000E-03,+4.3663321E+00,+2.7358793E+00,0
-279.5000E-03,+4.2658296E+00,+3.2886431E+00,0
-279.0000E-03,+4.2658296E+00,+3.0373868E+00,0
-278.5000E-03,+3.9140708E+00,+2.9368843E+00,0
-278.0000E-03,+4.1653271E+00,+2.9368843E+00,0
-277.5000E-03,+3.9643221E+00,+2.7861306E+00,0
-277.0000E-03,+3.9643221E+00,+2.9368843E+00,0
-276.5000E-03,+4.4165834E+00,+2.7861306E+00,0
-276.0000E-03,+3.7633171E+00,+2.5348743E+00,0
-275.5000E-03,+3.9643221E+00,+2.6856280E+00,0
-275.0000E-03,+3.9643221E+00,+2.4343718E+00,0
-274.5000E-03,+3.8638196E+00,+2.4846230E+00,0
-274.0000E-03,+3.7633171E+00,+2.1328642E+00,0
-273.5000E-03,+4.0145733E+00,+2.5348743E+00,0
-273.0000E-03,+3.7633171E+00,+2.0323617E+00,0
-272.5000E-03,+3.5623120E+00,+2.4343718E+00,0
-272.0000E-03,+3.5623120E+00,+1.9318592E+00,0
-271.5000E-03,+4.0648246E+00,+2.3338692E+00,0
-271.0000E-03,+3.9643221E+00,+2.3338692E+00,0
-270.5000E-03,+3.1603020E+00,+2.4846230E+00,0
-270.0000E-03,+2.9592970E+00,+2.5348743E+00,0
-269.5000E-03,+3.9643221E+00,+2.7861306E+00,0
-269.0000E-03,+3.7633171E+00,+2.4343718E+00,0
-268.5000E-03,+3.8135683E+00,+2.6353768E+00,0
-268.0000E-03,+3.3613070E+00,+2.3338692E+00,0
-267.5000E-03,+3.8135683E+00,+2.6353768E+00,0
-267.0000E-03,+3.5623120E+00,+2.4343718E+00,0
-266.5000E-03,+3.4618095E+00,+2.7861306E+00,0
-266.0000E-03,+3.1603020E+00,+2.5348743E+00,0
-265.5000E-03,+3.5623120E+00,+2.4846230E+00,0
-265.0000E-03,+3.8638196E+00,+2.8363818E+00,0
-264.5000E-03,+3.2105532E+00,+2.3338692E+00,0
-264.0000E-03,+3.5623120E+00,+2.1328642E+00,0
-263.5000E-03,+4.2658296E+00,+2.6353768E+00,0
-263.0000E-03,+4.2658296E+00,+3.4393969E+00,0
-262.5000E-03,+4.2658296E+00,+3.0876381E+00,0
-262.0000E-03,+3.9643221E+00,+3.3388944E+00,0
-261.5000E-03,+4.1653271E+00,+2.9871356E+00,0
-261.0000E-03,+3.5623120E+00,+3.3388944E+00,0
-260.5000E-03,+4.1653271E+00,+3.2383919E+00,0
-260.0000E-03,+3.3613070E+00,+3.7409044E+00,0
-259.5000E-03,+4.4165834E+00,+3.7911557E+00,0
-259.0000E-03,+4.3663321E+00,+3.5398994E+00,0
-258.5000E-03,+3.7130658E+00,+3.3891456E+00,0
-258.0000E-03,+3.7633171E+00,+4.1429145E+00,0
-257.5000E-03,+4.4668347E+00,+3.9921607E+00,0
-257.0000E-03,+3.9643221E+00,+3.5398994E+00,0
-256.5000E-03,+3.7633171E+00,+3.8414069E+00,0
-256.0000E-03,+2.7582919E+00,+3.7409044E+00,0
-255.5000E-03,+4.2658296E+00,+4.2936683E+00,0
-255.0000E-03,+3.5623120E+00,+4.0424120E+00,0
-254.5000E-03,+3.2105532E+00,+3.3388944E+00,0
-254.0000E-03,+2.9592970E+00,+3.5398994E+00,0
-253.5000E-03,+3.1603020E+00,+3.9419095E+00,0
-253.0000E-03,+3.0597995E+00,+3.3388944E+00,0
-252.5000E-03,+3.1100507E+00,+3.6906532E+00,0
-252.0000E-03,+2.9592970E+00,+2.9368843E+00,0
-251.5000E-03,+3.1603020E+00,+3.9419095E+00,0
-251.0000E-03,+2.5572869E+00,+3.8414069E+00,0
-250.5000E-03,+2.3562819E+00,+3.4896482E+00,0
-250.0000E-03,+2.3562819E+00,+3.3388944E+00,0
-249.5000E-03,+2.1552768E+00,+3.7911557E+00,0
-249.0000E-03,+2.1552768E+00,+3.8414069E+00,0
-248.5000E-03,+2.0045231E+00,+3.4393969E+00,0
-248.0000E-03,+1.7532668E+00,+4.1429145E+00,0
-247.5000E-03,+2.1552768E+00,+3.2886431E+00,0
-247.0000E-03,+1.9542718E+00,+3.8414069E+00,0
-246.5000E-03,+2.0547743E+00,+3.4393969E+00,0
-246.0000E-03,+2.3562819E+00,+4.1429145E+00,0
-245.5000E-03,+2.0045231E+00,+4.1931657E+00,0
-245.0000E-03,+2.0547743E+00,+3.4393969E+00,0
-244.5000E-03,+1.9542718E+00,+3.0876381E+00,0
-244.0000E-03,+2.3562819E+00,+3.1378894E+00,0
-243.5000E-03,+2.3060306E+00,+3.6906532E+00,0
-243.0000E-03,+2.3562819E+00,+3.3388944E+00,0
-242.5000E-03,+2.3060306E+00,+3.8414069E+00,0
-242.0000E-03,+2.7582919E+00,+3.5398994E+00,0
-241.5000E-03,+2.3562819E+00,+3.3388944E+00,0
-241.0000E-03,+2.3562819E+00,+3.7409044E+00,0
-240.5000E-03,+2.2055281E+00,+3.4393969E+00,0
-240.0000E-03,+2.9592970E+00,+3.1378894E+00,0
-239.5000E-03,+2.8587944E+00,+3.3891456E+00,0
-239.0000E-03,+2.7582919E+00,+3.7409044E+00,0
-238.5000E-03,+2.8085432E+00,+3.6404019E+00,0
-238.0000E-03,+3.1603020E+00,+3.3388944E+00,0
-237.5000E-03,+2.8587944E+00,+3.5398994E+00,0
-237.0000E-03,+3.2608045E+00,+3.5398994E+00,0
-236.5000E-03,+3.4115583E+00,+3.8916582E+00,0
-236.0000E-03,+3.1603020E+00,+3.9419095E+00,0
-235.5000E-03,+3.6125633E+00,+3.9419095E+00,0
-235.0000E-03,+3.1603020E+00,+3.4393969E+00,0
-234.5000E-03,+3.4618095E+00,+3.8414069E+00,0
-234.0000E-03,+3.5623120E+00,+3.5398994E+00,0
-233.5000E-03,+3.6628146E+00,+3.5398994E+00,0
-233.0000E-03,+3.7633171E+00,+3.9419095E+00,0
-232.5000E-03,+3.3613070E+00,+3.4896482E+00,0
-232.0000E-03,+3.3613070E+00,+3.3388944E+00,0
-231.5000E-03,+3.2105532E+00,+2.9871356E+00,0
-231.0000E-03,+3.4618095E+00,+3.3388944E+00,0
-230.5000E-03,+3.6125633E+00,+2.6856280E+00,0
-230.0000E-03,+3.1603020E+00,+2.5348743E+00,0
-229.5000E-03,+3.2105532E+00,+2.8363818E+00,0
-229.0000E-03,+3.3613070E+00,+2.8363818E+00,0
-228.5000E-03,+3.1603020E+00,+2.3841205E+00,0
-228.0000E-03,+3.1603020E+00,+2.1328642E+00,0
-227.5000E-03,+3.0597995E+00,+2.4846230E+00,0
-227.0000E-03,+3.2608045E+00,+2.7358793E+00,0
-226.5000E-03,+3.0597995E+00,+1.9318592E+00,0
-226.0000E-03,+2.5572869E+00,+2.1328642E+00,0
-225.5000E-03,+2.9592970E+00,+2.0323617E+00,0
-225.0000E-03,+2.7582919E+00,+2.1328642E+00,0
-224.5000E-03,+2.4065331E+00,+1.9318592E+00,0
-224.0000E-03,+2.5572869E+00,+1.5298491E+00,0
-223.5000E-03,+2.4567844E+00,+1.3790954E+00,0
-223.0000E-03,+2.4567844E+00,+1.4293466E+00,0
-222.5000E-03,+2.2557794E+00,+1.3288441E+00,0
-222.0000E-03,+2.1552768E+00,+1.7308542E+00,0
-221.5000E-03,+2.2557794E+00,+1.6806029E+00,0
-221.0000E-03,+2.4567844E+00,+1.4293466E+00,0
-220.5000E-03,+2.1552768E+00,+1.5801004E+00,0
-220.0000E-03,+1.7532668E+00,+1.7308542E+00,0
-219.5000E-03,+2.4065331E+00,+1.3288441E+00,0
-219.0000E-03,+2.2557794E+00,+1.9318592E+00,0
-218.5000E-03,+2.1552768E+00,+1.7811054E+00,0
-218.0000E-03,+1.9542718E+00,+1.9318592E+00,0
-217.5000E-03,+2.0045231E+00,+1.9821105E+00,0
-217.0000E-03,+2.2557794E+00,+1.9318592E+00,0
-216.5000E-03,+2.2055281E+00,+2.1328642E+00,0
-216.0000E-03,+2.1552768E+00,+2.1328642E+00,0
-215.5000E-03,+2.7582919E+00,+2.3338692E+00,0
-215.0000E-03,+3.1603020E+00,+2.3338692E+00,0
-214.5000E-03,+2.9592970E+00,+2.4846230E+00,0
-214.0000E-03,+2.7582919E+00,+2.7358793E+00,0
-213.5000E-03,+3.3110558E+00,+2.7358793E+00,0
-213.0000E-03,+3.1603020E+00,+2.5348743E+00,0
-212.5000E-03,+3.8135683E+00,+3.0373868E+00,0
-212.0000E-03,+2.9592970E+00,+2.9368843E+00,0
-211.5000E-03,+3.7130658E+00,+3.2886431E+00,0
-211.0000E-03,+4.2658296E+00,+3.1378894E+00,0
-210.5000E-03,+3.9140708E+00,+3.0876381E+00,0
-210.0000E-03,+4.1653271E+00,+2.9368843E+00,0
-209.5000E-03,+4.2658296E+00,+3.2886431E+00,0
-209.0000E-03,+4.0648246E+00,+3.1378894E+00,0
-208.5000E-03,+4.3160809E+00,+3.2383919E+00,0
-208.0000E-03,+3.9643221E+00,+2.9368843E+00,0
-207.5000E-03,+4.4165834E+00,+2.8363818E+00,0
-207.0000E-03,+4.0648246E+00,+3.0373868E+00,0
-206.5000E-03,+4.0145733E+00,+2.9368843E+00,0
-206.0000E-03,+3.9643221E+00,+2.7358793E+00,0
-205.5000E-03,+3.7130658E+00,+2.7861306E+00,0
-205.0000E-03,+3.9643221E+00,+2.7358793E+00,0
-204.5000E-03,+4.1653271E+00,+2.6353768E+00,0
-204.0000E-03,+3.9643221E+00,+2.7358793E+00,0
-203.5000E-03,+4.0145733E+00,+2.5348743E+00,0
-203.0000E-03,+3.9643221E+00,+2.4343718E+00,0
-202.5000E-03,+3.6125633E+00,+2.3841205E+00,0
-202.0000E-03,+4.1653271E+00,+2.5348743E+00,0
-201.5000E-03,+3.9140708E+00,+2.5348743E+00,0
-201.0000E-03,+3.9643221E+00,+2.1328642E+00,0
-200.5000E-03,+3.8638196E+00,+2.3338692E+00,0
-200.0000E-03,+4.1653271E+00,+2.5348743E+00,1
-199.5000E-03,+3.8135683E+00,+2.3841205E+00,1
-199.0000E-03,+3.6628146E+00,+2.5348743E+00,1
-198.5000E-03,+3.8638196E+00,+2.3841205E+00,1
-198.0000E-03,+4.1653271E+00,+2.1328642E+00,1
-197.5000E-03,+3.9140708E+00,+2.3841205E+00,1
-197.0000E-03,+3.5623120E+00,+2.6353768E+00,1
-196.5000E-03,+3.8135683E+00,+2.7861306E+00,1
-196.0000E-03,+3.3613070E+00,+2.1328642E+00,1
-195.5000E-03,+3.7130658E+00,+2.2836180E+00,1
-195.0000E-03,+3.3613070E+00,+2.5348743E+00,1
-194.5000E-03,+3.9140708E+00,+2.3841205E+00,1
-194.0000E-03,+4.1653271E+00,+3.1378894E+00,1
-193.5000E-03,+3.9140708E+00,+2.4846230E+00,1
-193.0000E-03,+3.3613070E+00,+2.5348743E+00,1
-192.5000E-03,+4.3160809E+00,+3.0876381E+00,1
-192.0000E-03,+4.1653271E+00,+2.9368843E+00,1
-191.5000E-03,+4.1653271E+00,+2.9368843E+00,1
-191.0000E-03,+3.9643221E+00,+2.8363818E+00,1
-190.5000E-03,+3.9643221E+00,+3.4896482E+00,1
-190.0000E-03,+4.3663321E+00,+3.5398994E+00,1
-189.5000E-03,+3.9643221E+00,+3.1378894E+00,1
-189.0000E-03,+4.2658296E+00,+3.4393969E+00,1
-188.5000E-03,+4.0648246E+00,+3.2886431E+00,1
-188.0000E-03,+3.9643221E+00,+3.7409044E+00,1
-187.5000E-03,+4.0145733E+00,+3.7409044E+00,1
-187.0000E-03,+3.8638196E+00,+3.9419095E+00,1
-186.5000E-03,+4.0648246E+00,+4.1429145E+00,1
-186.0000E-03,+4.1653271E+00,+4.1429145E+00,1
-185.5000E-03,+4.2155784E+00,+4.1931657E+00,1
-185.0000E-03,+4.2658296E+00,+4.0424120E+00,1
-184.5000E-03,+3.9140708E+00,+3.9419095E+00,1
-184.0000E-03,+3.9643221E+00,+3.9419095E+00,1
-183.5000E-03,+3.5623120E+00,+4.1429145E+00,1
-183.0000E-03,+3.4618095E+00,+4.0424120E+00,1
-182.5000E-03,+4.1150759E+00,+3.7911557E+00,1
-182.0000E-03,+3.9643221E+00,+4.1429145E+00,1
-181.5000E-03,+3.8135683E+00,+3.9921607E+00,1
-181.0000E-03,+3.5623120E+00,+4.0424120E+00,1
-180.5000E-03,+3.2608045E+00,+4.2936683E+00,1
-180.0000E-03,+3.5623120E+00,+3.9419095E+00,1
-179.5000E-03,+3.0597995E+00,+3.8414069E+00,1
-179.0000E-03,+2.5572869E+00,+4.1429145E+00,1
-178.5000E-03,+2.9090457E+00,+3.9419095E+00,1
-178.0000E-03,+2.9592970E+00,+3.9419095E+00,1
-177.5000E-03,+2.5572869E+00,+3.6906532E+00,1
-177.0000E-03,+2.6577894E+00,+3.9419095E+00,1
-176.5000E-03,+2.4567844E+00,+3.4896482E+00,1
-176.0000E-03,+2.3562819E+00,+3.9419095E+00,1
-175.5000E-03,+1.8537693E+00,+3.5901507E+00,1
-175.0000E-03,+2.1552768E+00,+3.7409044E+00,1
-174.5000E-03,+1.9040206E+00,+3.6906532E+00,1
-174.0000E-03,+2.5572869E+00,+3.5398994E+00,1
-173.5000E-03,+2.1050256E+00,+3.5901507E+00,1
-173.0000E-03,+2.2557794E+00,+3.7409044E+00,1
-172.5000E-03,+2.6577894E+00,+3.6404019E+00,1
-172.0000E-03,+2.5572869E+00,+3.7409044E+00,1
-171.5000E-03,+2.6075382E+00,+3.7911557E+00,1
-171.0000E-03,+2.2557794E+00,+3.9419095E+00,1
-170.5000E-03,+2.5572869E+00,+3.7409044E+00,1
-170.0000E-03,+2.3562819E+00,+3.9419095E+00,1
-169.5000E-03,+2.6075382E+00,+3.5398994E+00,1
-169.0000E-03,+2.5572869E+00,+3.8414069E+00,1
-168.5000E-03,+2.4065331E+00,+3.5398994E+00,1
-168.0000E-03,+2.9592970E+00,+3.9419095E+00,1
-167.5000E-03,+2.9090457E+00,+3.7911557E+00,1
-167.0000E-03,+3.0597995E+00,+4.2434170E+00,1
-166.5000E-03,+3.0597995E+00,+3.9921607E+00,1
-166.0000E-03,+3.3613070E+00,+4.1429145E+00,1
-165.5000E-03,+3.3613070E+00,+3.8916582E+00,1
-165.0000E-03,+3.1603020E+00,+4.0424120E+00,1
-164.5000E-03,+3.1603020E+00,+4.2434170E+00,1
-164.0000E-03,+3.1603020E+00,+4.1429145E+00,1
-163.5000E-03,+3.5623120E+00,+3.8414069E+00,1
-163.0000E-03,+3.4618095E+00,+4.1429145E+00,1
-162.5000E-03,+3.5623120E+00,+3.7911557E+00,1
-162.0000E-03,+3.9643221E+00,+3.9419095E+00,1
-161.5000E-03,+3.7633171E+00,+3.6404019E+00,1
-161.0000E-03,+3.5623120E+00,+3.4393969E+00,1
-160.5000E-03,+3.3613070E+00,+4.1931657E+00,1
-160.0000E-03,+3.3613070E+00,+4.1429145E+00,1
-159.5000E-03,+3.6125633E+00,+3.7911557E+00,1
-159.0000E-03,+3.4618095E+00,+3.5398994E+00,1
-158.5000E-03,+3.3613070E+00,+2.6856280E+00,1
-158.0000E-03,+3.3613070E+00,+3.5398994E+00,1
-157.5000E-03,+3.4115583E+00,+3.1378894E+00,1
-157.0000E-03,+3.0597995E+00,+2.4343718E+00,1
-156.5000E-03,+3.1100507E+00,+3.0373868E+00,1
-156.0000E-03,+2.9592970E+00,+3.5398994E+00,1
-155.5000E-03,+3.0095482E+00,+2.4846230E+00,1
-155.0000E-03,+3.3613070E+00,+2.5348743E+00,1
-154.5000E-03,+2.8587944E+00,+2.7358793E+00,1
-154.0000E-03,+2.5572869E+00,+2.3338692E+00,1
-153.5000E-03,+3.2608045E+00,+2.2333667E+00,1
-153.0000E-03,+2.5572869E+00,+2.0323617E+00,1
-152.5000E-03,+2.1552768E+00,+2.2836180E+00,1
-152.0000E-03,+2.3562819E+00,+1.9318592E+00,1
-151.5000E-03,+2.1552768E+00,+1.9821105E+00,1
-151.0000E-03,+2.0547743E+00,+1.4293466E+00,1
-150.5000E-03,+2.2055281E+00,+1.7811054E+00,1
-150.0000E-03,+2.1552768E+00,+1.7308542E+00,1
-149.5000E-03,+2.0045231E+00,+1.2785929E+00,1
-149.0000E-03,+2.3562819E+00,+1.9318592E+00,1
-148.5000E-03,+2.1552768E+00,+1.5801004E+00,1
-148.0000E-03,+2.3562819E+00,+1.7308542E+00,1
-147.5000E-03,+1.8035181E+00,+1.9318592E+00,1
-147.0000E-03,+2.1552768E+00,+1.7308542E+00,1
-146.5000E-03,+2.2557794E+00,+1.7811054E+00,1
-146.0000E-03,+2.3562819E+00,+2.1328642E+00,1
-145.5000E-03,+2.4567844E+00,+2.1831155E+00,1
-145.0000E-03,+2.5572869E+00,+2.0323617E+00,1
-144.5000E-03,+2.4567844E+00,+2.1831155E+00,1
-144.0000E-03,+2.9592970E+00,+2.1328642E+00,1
-143.5000E-03,+3.5120608E+00,+2.2836180E+00,1
-143.0000E-03,+3.5623120E+00,+2.5348743E+00,1
-142.5000E-03,+3.0597995E+00,+2.5348743E+00,1
-142.0000E-03,+3.1603020E+00,+2.5348743E+00,1
-141.5000E-03,+3.4618095E+00,+2.6856280E+00,1
-141.0000E-03,+3.9643221E+00,+2.6353768E+00,1
-140.5000E-03,+3.1100507E+00,+2.8363818E+00,1
-140.0000E-03,+4.3663321E+00,+2.5348743E+00,1
-139.5000E-03,+4.3663321E+00,+2.9871356E+00,1
-139.0000E-03,+3.7633171E+00,+3.2383919E+00,1
-138.5000E-03,+3.8638196E+00,+2.8866331E+00,1
-138.0000E-03,+4.3663321E+00,+2.9368843E+00,1
-137.5000E-03,+4.1150759E+00,+3.2886431E+00,1
-137.0000E-03,+4.0648246E+00,+2.9368843E+00,1
-136.5000E-03,+4.0145733E+00,+2.7358793E+00,1
-136.0000E-03,+3.5623120E+00,+3.3388944E+00,1
-135.5000E-03,+4.3160809E+00,+2.8866331E+00,1
-135.0000E-03,+4.1653271E+00,+2.8363818E+00,1
-134.5000E-03,+4.6175884E+00,+2.5851255E+00,1
-134.0000E-03,+3.7633171E+00,+2.9368843E+00,1
-133.5000E-03,+4.1150759E+00,+2.7861306E+00,1
-133.0000E-03,+3.6628146E+00,+2.6353768E+00,1
-132.5000E-03,+3.8135683E+00,+2.3338692E+00,1
-132.0000E-03,+4.3663321E+00,+2.3338692E+00,1
-131.5000E-03,+4.0648246E+00,+2.3841205E+00,1
-131.0000E-03,+4.0648246E+00,+2.3338692E+00,1
-130.5000E-03,+4.3160809E+00,+2.3841205E+00,1
-130.0000E-03,+3.7633171E+00,+2.1328642E+00,1
-129.5000E-03,+3.9643221E+00,+2.2836180E+00,1
-129.0000E-03,+3.7633171E+00,+2.4343718E+00,1
-128.5000E-03,+3.4618095E+00,+2.1831155E+00,1
-128.0000E-03,+4.1653271E+00,+2.3338692E+00,1
-127.5000E-03,+3.8135683E+00,+2.4846230E+00,1
-127.0000E-03,+3.9643221E+00,+2.4343718E+00,1
-126.5000E-03,+3.8135683E+00,+2.5851255E+00,1
-126.0000E-03,+4.1653271E+00,+2.7358793E+00,1
-125.5000E-03,+3.6125633E+00,+2.5851255E+00,1
-125.0000E-03,+3.6628146E+00,+2.5348743E+00,1
-124.5000E-03,+3.8638196E+00,+2.5348743E+00,1
-124.0000E-03,+3.1603020E+00,+2.3338692E+00,1
-123.5000E-03,+3.6628146E+00,+2.4846230E+00,1
-123.0000E-03,+3.6628146E+00,+2.7358793E+00,1
-122.5000E-03,+3.6125633E+00,+2.1328642E+00,1
-122.0000E-03,+3.7633171E+00,+2.1328642E+00,1
-121.5000E-03,+3.8638196E+00,+2.7861306E+00,1
-121.0000E-03,+3.7633171E+00,+2.7358793E+00,1
-120.5000E-03,+3.6125633E+00,+2.5851255E+00,1
-120.0000E-03,+4.1653271E+00,+2.5348743E+00,1
-119.5000E-03,+4.1653271E+00,+3.5398994E+00,1
-119.0000E-03,+3.7633171E+00,+3.2383919E+00,1
-118.5000E-03,+3.9643221E+00,+3.2383919E+00,1
-118.0000E-03,+4.3663321E+00,+3.3388944E+00,1
-117.5000E-03,+4.4668347E+00,+2.8363818E+00,1
-117.0000E-03,+4.2658296E+00,+3.3388944E+00,1
-116.5000E-03,+3.9140708E+00,+3.0876381E+00,1
-116.0000E-03,+3.1603020E+00,+3.7409044E+00,1
-115.5000E-03,+3.9643221E+00,+3.0373868E+00,1
-115.0000E-03,+3.9643221E+00,+3.6404019E+00,1
-114.5000E-03,+3.4618095E+00,+3.8916582E+00,1
-114.0000E-03,+3.5623120E+00,+3.1378894E+00,1
-113.5000E-03,+4.2658296E+00,+4.1429145E+00,1
-113.0000E-03,+3.9643221E+00,+3.7409044E+00,1
-112.5000E-03,+3.4618095E+00,+3.3891456E+00,1
-112.0000E-03,+2.7582919E+00,+3.9419095E+00,1
-111.5000E-03,+4.1653271E+00,+3.4896482E+00,1
-111.0000E-03,+2.8587944E+00,+3.9419095E+00,1
-110.5000E-03,+3.0095482E+00,+4.0424120E+00,1
-110.0000E-03,+2.3562819E+00,+3.7409044E+00,1
-109.5000E-03,+2.7582919E+00,+3.6404019E+00,1
-109.0000E-03,+2.8587944E+00,+3.6404019E+00,1
-108.5000E-03,+2.3562819E+00,+3.6906532E+00,1
-108.0000E-03,+1.9542718E+00,+3.5398994E+00,1
-107.5000E-03,+2.4065331E+00,+3.2886431E+00,1
-107.0000E-03,+2.3562819E+00,+3.4393969E+00,1
-106.5000E-03,+2.1552768E+00,+3.5398994E+00,1
-106.0000E-03,+1.9542718E+00,+3.5398994E+00,1
-105.5000E-03,+2.0045231E+00,+3.9921607E+00,1
-105.0000E-03,+2.2557794E+00,+3.1378894E+00,1
-104.5000E-03,+1.8035181E+00,+3.6404019E+00,1
-104.0000E-03,+1.7532668E+00,+3.1378894E+00,1
-103.5000E-03,+2.2557794E+00,+3.5398994E+00,1
-103.0000E-03,+1.9542718E+00,+3.3388944E+00,1
-102.5000E-03,+2.2557794E+00,+3.3388944E+00,1
-102.0000E-03,+1.7532668E+00,+3.5398994E+00,1
-101.5000E-03,+1.7532668E+00,+3.3388944E+00,1
-101.0000E-03,+2.3562819E+00,+3.2383919E+00,1
-100.5000E-03,+2.5070356E+00,+3.6404019E+00,1
-100.0000E-03,+2.1552768E+00,+3.1378894E+00,0
-99.5000E-03,+2.5070356E+00,+3.3891456E+00,0
-99.0000E-03,+2.6577894E+00,+3.8414069E+00,0
-98.5000E-03,+2.5070356E+00,+4.0424120E+00,0
-98.0000E-03,+2.5572869E+00,+3.5398994E+00,0
-97.5000E-03,+2.7582919E+00,+4.1429145E+00,0
-97.0000E-03,+2.4567844E+00,+3.5398994E+00,0
-96.5000E-03,+2.9090457E+00,+2.9368843E+00,0
-96.0000E-03,+2.7582919E+00,+3.9419095E+00,0
-95.5000E-03,+3.0095482E+00,+3.5398994E+00,0
-95.0000E-03,+2.9592970E+00,+4.1429145E+00,0
-94.5000E-03,+3.0597995E+00,+3.3388944E+00,0
-94.0000E-03,+3.1603020E+00,+3.3388944E+00,0
-93.5000E-03,+3.1603020E+00,+3.8414069E+00,0
-93.0000E-03,+3.1603020E+00,+4.1429145E+00,0
-92.5000E-03,+3.3110558E+00,+3.8414069E+00,0
-92.0000E-03,+3.5623120E+00,+3.1378894E+00,0
-91.5000E-03,+3.2608045E+00,+3.9921607E+00,0
-91.0000E-03,+3.3613070E+00,+4.0424120E+00,0
-90.5000E-03,+3.5120608E+00,+3.8414069E+00,0
-90.0000E-03,+3.5623120E+00,+3.3388944E+00,0
-89.5000E-03,+3.6628146E+00,+3.7911557E+00,0
-89.0000E-03,+3.5623120E+00,+3.8414069E+00,0
-88.5000E-03,+3.7633171E+00,+3.0876381E+00,0
-88.0000E-03,+3.5623120E+00,+2.5348743E+00,0
-87.5000E-03,+3.1100507E+00,+3.0876381E+00,0
-87.0000E-03,+3.3613070E+00,+3.2383919E+00,0
-86.5000E-03,+3.3110558E+00,+3.4393969E+00,0
-86.0000E-03,+3.1603020E+00,+2.7358793E+00,0
-85.5000E-03,+3.1603020E+00,+2.6353768E+00,0
-85.0000E-03,+2.9592970E+00,+2.6353768E+00,0
-84.5000E-03,+3.1603020E+00,+2.9871356E+00,0
-84.0000E-03,+2.5572869E+00,+2.1328642E+00,0
-83.5000E-03,+3.0095482E+00,+2.4343718E+00,0
-83.0000E-03,+2.9592970E+00,+2.5348743E+00,0
-82.5000E-03,+2.9592970E+00,+1.7811054E+00,0
-82.0000E-03,+2.7582919E+00,+2.3338692E+00,0
-81.5000E-03,+2.9090457E+00,+1.8816079E+00,0
-81.0000E-03,+2.7582919E+00,+1.9318592E+00,0
-80.5000E-03,+2.6577894E+00,+2.1831155E+00,0
-80.0000E-03,+2.1552768E+00,+1.5298491E+00,0
-79.5000E-03,+2.3562819E+00,+1.5298491E+00,0
-79.0000E-03,+2.4567844E+00,+1.6303517E+00,0
-78.5000E-03,+2.1552768E+00,+1.6303517E+00,0
-78.0000E-03,+2.3562819E+00,+1.1278391E+00,0
-77.5000E-03,+2.1552768E+00,+1.5298491E+00,0
-77.0000E-03,+1.6527643E+00,+1.8313567E+00,0
-76.5000E-03,+2.2055281E+00,+1.5801004E+00,0
-76.0000E-03,+2.3562819E+00,+1.7308542E+00,0
-75.5000E-03,+2.2557794E+00,+1.8816079E+00,0
-75.0000E-03,+2.1552768E+00,+1.8313567E+00,0
-74.5000E-03,+2.6075382E+00,+2.1831155E+00,0
-74.0000E-03,+1.9542718E+00,+1.7308542E+00,0
-73.5000E-03,+2.7582919E+00,+1.9318592E+00,0
-73.0000E-03,+2.6577894E+00,+2.4343718E+00,0
-72.5000E-03,+3.9140708E+00,+2.3841205E+00,0
-72.0000E-03,+2.9592970E+00,+2.5348743E+00,0
-71.5000E-03,+3.2608045E+00,+2.4343718E+00,0
-71.0000E-03,+3.6628146E+00,+2.5348743E+00,0
-70.5000E-03,+3.6628146E+00,+2.5851255E+00,0
-70.0000E-03,+2.7582919E+00,+2.3338692E+00,0
-69.5000E-03,+3.2105532E+00,+2.8363818E+00,0
-69.0000E-03,+3.7633171E+00,+3.0373868E+00,0
-68.5000E-03,+4.0648246E+00,+2.8866331E+00,0
-68.0000E-03,+4.1653271E+00,+2.9368843E+00,0
-67.5000E-03,+3.8638196E+00,+3.2886431E+00,0
-67.0000E-03,+3.6628146E+00,+2.7358793E+00,0
-66.5000E-03,+4.4165834E+00,+3.1378894E+00,0
-66.0000E-03,+3.9643221E+00,+2.9368843E+00,0
-65.5000E-03,+4.1150759E+00,+3.0876381E+00,0
-65.0000E-03,+4.4668347E+00,+2.5348743E+00,0
-64.5000E-03,+4.1150759E+00,+3.0876381E+00,0
-64.0000E-03,+4.1653271E+00,+3.1378894E+00,0
-63.5000E-03,+4.0648246E+00,+2.9871356E+00,0
-63.0000E-03,+3.9643221E+00,+2.8363818E+00,0
-62.5000E-03,+3.7633171E+00,+2.8363818E+00,0
-62.0000E-03,+4.1653271E+00,+2.5348743E+00,0
-61.5000E-03,+3.9140708E+00,+2.7358793E+00,0
-61.0000E-03,+3.8638196E+00,+2.4343718E+00,0
-60.5000E-03,+4.3663321E+00,+2.5348743E+00,0
-60.0000E-03,+3.5623120E+00,+2.3338692E+00,0
-59.5000E-03,+4.0145733E+00,+2.4343718E+00,0
-59.0000E-03,+3.7633171E+00,+2.6353768E+00,0
-58.5000E-03,+4.1150759E+00,+2.2836180E+00,0
-58.0000E-03,+3.9643221E+00,+2.3338692E+00,0
-57.5000E-03,+3.6628146E+00,+2.4343718E+00,0
-57.0000E-03,+3.4618095E+00,+2.3338692E+00,0
-56.5000E-03,+2.0547743E+00,+2.5851255E+00,0
-56.0000E-03,+3.9643221E+00,+2.7358793E+00,0
-55.5000E-03,+3.7633171E+00,+2.4343718E+00,0
-55.0000E-03,+3.7633171E+00,+2.6353768E+00,0
-54.5000E-03,+3.4115583E+00,+2.6353768E+00,0
-54.0000E-03,+3.9643221E+00,+1.9318592E+00,0
-53.5000E-03,+3.9140708E+00,+2.3338692E+00,0
-53.0000E-03,+3.7633171E+00,+2.1328642E+00,0
-52.5000E-03,+4.1150759E+00,+2.5851255E+00,0
-52.0000E-03,+3.7633171E+00,+2.5348743E+00,0
-51.5000E-03,+4.2658296E+00,+2.3841205E+00,0
-51.0000E-03,+3.5623120E+00,+2.6353768E+00,0
-50.5000E-03,+3.9140708E+00,+2.7861306E+00,0
-50.0000E-03,+3.9643221E+00,+2.3338692E+00,0
-49.5000E-03,+4.1150759E+00,+2.5851255E+00,0
-49.0000E-03,+3.6628146E+00,+2.8363818E+00,0
-48.5000E-03,+3.9643221E+00,+3.4393969E+00,0
-48.0000E-03,+4.3663321E+00,+3.3388944E+00,0
-47.5000E-03,+4.4668347E+00,+2.9871356E+00,0
-47.0000E-03,+4.3663321E+00,+3.5398994E+00,0
-46.5000E-03,+4.1150759E+00,+3.5398994E+00,0
-46.0000E-03,+4.1653271E+00,+3.9419095E+00,0
-45.5000E-03,+4.2155784E+00,+3.6906532E+00,0
-45.0000E-03,+4.0648246E+00,+3.6404019E+00,0
-44.5000E-03,+3.9643221E+00,+3.9921607E+00,0
-44.0000E-03,+3.9643221E+00,+3.9419095E+00,0
-43.5000E-03,+4.2155784E+00,+3.7409044E+00,0
-43.0000E-03,+4.2658296E+00,+4.1429145E+00,0
-42.5000E-03,+4.3160809E+00,+3.7911557E+00,0
-42.0000E-03,+3.9643221E+00,+4.1429145E+00,0
-41.5000E-03,+3.7633171E+00,+4.1429145E+00,0
-41.0000E-03,+3.9643221E+00,+4.3439195E+00,0
-40.5000E-03,+4.2658296E+00,+4.0926632E+00,0
-40.0000E-03,+3.3613070E+00,+4.1429145E+00,0
-39.5000E-03,+3.3110558E+00,+4.2434170E+00,0
-39.0000E-03,+3.7633171E+00,+4.1429145E+00,0
-38.5000E-03,+3.1603020E+00,+4.3439195E+00,0
-38.0000E-03,+3.9643221E+00,+4.5449245E+00,0
-37.5000E-03,+3.5623120E+00,+4.1931657E+00,0
-37.0000E-03,+3.0597995E+00,+3.9419095E+00,0
-36.5000E-03,+2.9592970E+00,+3.7409044E+00,0
-36.0000E-03,+3.3613070E+00,+4.1429145E+00,0
-35.5000E-03,+3.2105532E+00,+4.4444220E+00,0
-35.0000E-03,+2.4567844E+00,+3.7409044E+00,0
-34.5000E-03,+2.6577894E+00,+3.6906532E+00,0
-34.0000E-03,+2.9592970E+00,+3.9419095E+00,0
-33.5000E-03,+2.1050256E+00,+3.7911557E+00,0
-33.0000E-03,+2.1552768E+00,+3.6404019E+00,0
-32.5000E-03,+2.5070356E+00,+3.9419095E+00,0
-32.0000E-03,+2.1552768E+00,+3.7409044E+00,0
-31.5000E-03,+1.9542718E+00,+3.7911557E+00,0
-31.0000E-03,+2.1552768E+00,+3.7409044E+00,0
-30.5000E-03,+2.0045231E+00,+3.4393969E+00,0
-30.0000E-03,+2.7582919E+00,+3.7409044E+00,0
-29.5000E-03,+2.4567844E+00,+3.5398994E+00,0
-29.0000E-03,+2.4567844E+00,+3.8414069E+00,0
-28.5000E-03,+2.4567844E+00,+3.8414069E+00,0
-28.0000E-03,+2.7582919E+00,+3.7409044E+00,0
-27.5000E-03,+2.6075382E+00,+3.7911557E+00,0
-27.0000E-03,+2.6577894E+00,+4.0424120E+00,0
-26.5000E-03,+2.5070356E+00,+3.4896482E+00,0
-26.0000E-03,+3.3613070E+00,+3.9419095E+00,0
-25.5000E-03,+2.5572869E+00,+3.4896482E+00,0
-25.0000E-03,+2.8587944E+00,+3.8414069E+00,0
-24.5000E-03,+2.8085432E+00,+3.9419095E+00,0
-24.0000E-03,+2.9592970E+00,+3.9419095E+00,0
-23.5000E-03,+3.0095482E+00,+3.6906532E+00,0
-23.0000E-03,+3.1603020E+00,+3.8414069E+00,0
-22.5000E-03,+3.4618095E+00,+4.1429145E+00,0
-22.0000E-03,+3.1603020E+00,+4.1429145E+00,0
-21.5000E-03,+3.4618095E+00,+4.0424120E+00,0
-21.0000E-03,+3.2608045E+00,+4.1429145E+00,0
-20.5000E-03,+3.9140708E+00,+3.9419095E+00,0
-20.0000E-03,+3.5623120E+00,+4.3439195E+00,0
-19.5000E-03,+3.7633171E+00,+3.8414069E+00,0
-19.0000E-03,+3.5623120E+00,+4.2434170E+00,0
-18.5000E-03,+3.5623120E+00,+3.9419095E+00,0
-18.0000E-03,+4.1653271E+00,+3.9419095E+00,0
-17.5000E-03,+3.5623120E+00,+3.9419095E+00,0
-17.0000E-03,+3.5623120E+00,+3.1378894E+00,0
-16.5000E-03,+3.3110558E+00,+2.8866331E+00,0
-16.0000E-03,+3.7633171E+00,+3.7409044E+00,0
-15.5000E-03,+3.0095482E+00,+3.8414069E+00,0
-15.0000E-03,+3.2608045E+00,+3.3388944E+00,0
-14.5000E-03,+3.0095482E+00,+2.6353768E+00,0
-14.0000E-03,+2.9592970E+00,+3.3388944E+00,0
-13.5000E-03,+3.3110558E+00,+2.9368843E+00,0
-13.0000E-03,+3.0597995E+00,+2.7358793E+00,0
-12.5000E-03,+2.7080407E+00,+3.4393969E+00,0
-12.0000E-03,+2.7582919E+00,+2.5348743E+00,0
-11.5000E-03,+3.1603020E+00,+2.6353768E+00,0
-11.0000E-03,+2.7582919E+00,+2.5348743E+00,0
-10.5000E-03,+2.7582919E+00,+2.5348743E+00,0
-10.0000E-03,+2.7582919E+00,+2.3338692E+00,0
-9.5000E-03,+2.8587944E+00,+2.6353768E+00,0
-9.0000E-03,+2.2557794E+00,+1.2283416E+00,0
-8.5000E-03,+2.3060306E+00,+1.5801004E+00,0
-8.0000E-03,+1.9542718E+00,+1.7308542E+00,0
-7.5000E-03,+2.1552768E+00,+1.6303517E+00,0
-7.0000E-03,+2.5572869E+00,+1.6303517E+00,0
-6.5000E-03,+2.1552768E+00,+1.4795979E+00,0
-6.0000E-03,+1.9542718E+00,+1.5298491E+00,0
-5.5000E-03,+2.3060306E+00,+1.6303517E+00,0
-5.0000E-03,+2.0547743E+00,+1.6303517E+00,0
-4.5000E-03,+2.2055281E+00,+1.7811054E+00,0
-4.0000E-03,+2.3562819E+00,+1.7308542E+00,0
-3.5000E-03,+2.0547743E+00,+1.7308542E+00,0
-3.0000E-03,+2.3562819E+00,+1.7308542E+00,0
-2.5000E-03,+2.6577894E+00,+2.0323617E+00,0
-2.0000E-03,+2.5572869E+00,+1.9318592E+00,0
-1.5000E-03,+2.9592970E+00,+1.9318592E+00,0
-1.0000E-03,+3.0597995E+00,+2.2333667E+00,0
-500.0E-06,+3.0597995E+00,+2.2333667E+00,0
+0.0E+00,+3.7633171E+00,+2.5348743E+00,1
+500.0E-06,+3.5120608E+00,+2.3338692E+00,1
+1.0000E-03,+3.5623120E+00,+2.6353768E+00,1
+1.5000E-03,+3.5623120E+00,+2.7358793E+00,1
+2.0000E-03,+3.5623120E+00,+2.9368843E+00,1
+2.5000E-03,+4.1653271E+00,+2.4846230E+00,1
+3.0000E-03,+3.6628146E+00,+2.7358793E+00,1
+3.5000E-03,+3.7633171E+00,+2.9368843E+00,1
+4.0000E-03,+3.5623120E+00,+2.9368843E+00,1
+4.5000E-03,+4.4165834E+00,+3.0876381E+00,1
+5.0000E-03,+4.4668347E+00,+3.1378894E+00,1
+5.5000E-03,+4.1653271E+00,+3.1881406E+00,1
+6.0000E-03,+3.9643221E+00,+3.3388944E+00,1
+6.5000E-03,+4.2658296E+00,+2.8866331E+00,1
+7.0000E-03,+4.0648246E+00,+2.9368843E+00,1
+7.5000E-03,+3.8135683E+00,+2.7358793E+00,1
+8.0000E-03,+3.9643221E+00,+2.7358793E+00,1
+8.5000E-03,+4.3663321E+00,+2.7861306E+00,1
+9.0000E-03,+4.0648246E+00,+2.9368843E+00,1
+9.5000E-03,+3.3110558E+00,+2.6856280E+00,1
+10.0000E-03,+3.7633171E+00,+2.3338692E+00,1
+10.5000E-03,+4.0648246E+00,+2.7358793E+00,1
+11.0000E-03,+3.8638196E+00,+2.5348743E+00,1
+11.5000E-03,+3.8638196E+00,+2.5851255E+00,1
+12.0000E-03,+4.3663321E+00,+2.3338692E+00,1
+12.5000E-03,+4.1653271E+00,+2.1831155E+00,1
+13.0000E-03,+3.7633171E+00,+2.2333667E+00,1
+13.5000E-03,+4.1653271E+00,+2.1328642E+00,1
+14.0000E-03,+3.5623120E+00,+2.3338692E+00,1
+14.5000E-03,+3.3613070E+00,+2.5851255E+00,1
+15.0000E-03,+3.3613070E+00,+2.5348743E+00,1
+15.5000E-03,+3.6125633E+00,+2.2836180E+00,1
+16.0000E-03,+3.7633171E+00,+2.5348743E+00,1
+16.5000E-03,+3.7130658E+00,+2.6353768E+00,1
+17.0000E-03,+3.4618095E+00,+2.4343718E+00,1
+17.5000E-03,+3.2608045E+00,+2.4846230E+00,1
+18.0000E-03,+3.7633171E+00,+2.3338692E+00,1
+18.5000E-03,+3.9140708E+00,+2.7861306E+00,1
+19.0000E-03,+3.6628146E+00,+2.5348743E+00,1
+19.5000E-03,+3.1603020E+00,+2.6353768E+00,1
+20.0000E-03,+3.7633171E+00,+2.7358793E+00,1
+20.5000E-03,+4.1653271E+00,+2.8363818E+00,1
+21.0000E-03,+3.7633171E+00,+2.4343718E+00,1
+21.5000E-03,+4.3663321E+00,+2.8866331E+00,1
+22.0000E-03,+3.9643221E+00,+2.5348743E+00,1
+22.5000E-03,+3.3613070E+00,+2.4343718E+00,1
+23.0000E-03,+3.9643221E+00,+3.0373868E+00,1
+23.5000E-03,+4.0145733E+00,+2.5348743E+00,1
+24.0000E-03,+3.9643221E+00,+2.9368843E+00,1
+24.5000E-03,+4.1653271E+00,+3.0876381E+00,1
+25.0000E-03,+4.5673372E+00,+3.2383919E+00,1
+25.5000E-03,+3.7130658E+00,+3.2383919E+00,1
+26.0000E-03,+3.9643221E+00,+2.9368843E+00,1
+26.5000E-03,+4.2155784E+00,+4.1931657E+00,1
+27.0000E-03,+3.9643221E+00,+3.5398994E+00,1
+27.5000E-03,+3.9140708E+00,+3.3891456E+00,1
+28.0000E-03,+3.5623120E+00,+3.3388944E+00,1
+28.5000E-03,+3.8638196E+00,+3.9921607E+00,1
+29.0000E-03,+3.8638196E+00,+3.6404019E+00,1
+29.5000E-03,+3.6628146E+00,+4.1429145E+00,1
+30.0000E-03,+3.7633171E+00,+4.3439195E+00,1
+30.5000E-03,+3.7633171E+00,+3.5398994E+00,1
+31.0000E-03,+3.2608045E+00,+4.0424120E+00,1
+31.5000E-03,+3.4115583E+00,+3.5901507E+00,1
+32.0000E-03,+2.9592970E+00,+3.9419095E+00,1
+32.5000E-03,+3.2608045E+00,+3.7911557E+00,1
+33.0000E-03,+3.1603020E+00,+3.9419095E+00,1
+33.5000E-03,+3.0597995E+00,+4.0424120E+00,1
+34.0000E-03,+2.3562819E+00,+3.5398994E+00,1
+34.5000E-03,+2.5572869E+00,+3.4393969E+00,1
+35.0000E-03,+2.9592970E+00,+3.4393969E+00,1
+35.5000E-03,+2.6075382E+00,+3.7409044E+00,1
+36.0000E-03,+2.1552768E+00,+3.5398994E+00,1
+36.5000E-03,+2.5572869E+00,+3.8414069E+00,1
+37.0000E-03,+2.4567844E+00,+4.0424120E+00,1
+37.5000E-03,+2.1050256E+00,+3.2886431E+00,1
+38.0000E-03,+2.1552768E+00,+2.9368843E+00,1
+38.5000E-03,+2.1050256E+00,+3.4896482E+00,1
+39.0000E-03,+2.1552768E+00,+3.1378894E+00,1
+39.5000E-03,+1.9542718E+00,+3.0373868E+00,1
+40.0000E-03,+1.7532668E+00,+3.3388944E+00,1
+40.5000E-03,+1.9542718E+00,+3.3891456E+00,1
+41.0000E-03,+1.9542718E+00,+3.2383919E+00,1
+41.5000E-03,+2.0045231E+00,+3.4393969E+00,1
+42.0000E-03,+2.1552768E+00,+3.5398994E+00,1
+42.5000E-03,+2.1552768E+00,+3.3388944E+00,1
+43.0000E-03,+2.5572869E+00,+3.2383919E+00,1
+43.5000E-03,+2.4065331E+00,+3.7911557E+00,1
+44.0000E-03,+2.7582919E+00,+3.5398994E+00,1
+44.5000E-03,+2.4065331E+00,+3.4896482E+00,1
+45.0000E-03,+2.5572869E+00,+3.8414069E+00,1
+45.5000E-03,+2.4567844E+00,+3.3388944E+00,1
+46.0000E-03,+2.3562819E+00,+3.3388944E+00,1
+46.5000E-03,+2.7582919E+00,+3.5901507E+00,1
+47.0000E-03,+2.9592970E+00,+3.5398994E+00,1
+47.5000E-03,+3.0095482E+00,+3.5398994E+00,1
+48.0000E-03,+2.7582919E+00,+3.7409044E+00,1
+48.5000E-03,+3.1603020E+00,+4.2434170E+00,1
+49.0000E-03,+3.1603020E+00,+3.8414069E+00,1
+49.5000E-03,+3.1603020E+00,+3.4393969E+00,1
+50.0000E-03,+3.3613070E+00,+4.1429145E+00,1
+50.5000E-03,+3.3613070E+00,+3.3891456E+00,1
+51.0000E-03,+3.3613070E+00,+3.7409044E+00,1
+51.5000E-03,+3.7130658E+00,+3.7911557E+00,1
+52.0000E-03,+3.7633171E+00,+3.1378894E+00,1
+52.5000E-03,+3.6125633E+00,+3.7911557E+00,1
+53.0000E-03,+3.5623120E+00,+3.4393969E+00,1
+53.5000E-03,+3.6628146E+00,+3.1881406E+00,1
+54.0000E-03,+3.3613070E+00,+2.9368843E+00,1
+54.5000E-03,+3.6125633E+00,+3.2886431E+00,1
+55.0000E-03,+3.4618095E+00,+3.2383919E+00,1
+55.5000E-03,+3.3110558E+00,+3.1378894E+00,1
+56.0000E-03,+3.3613070E+00,+2.9368843E+00,1
+56.5000E-03,+3.2105532E+00,+3.0876381E+00,1
+57.0000E-03,+3.0597995E+00,+2.7358793E+00,1
+57.5000E-03,+3.1100507E+00,+2.6353768E+00,1
+58.0000E-03,+3.1603020E+00,+2.7358793E+00,1
+58.5000E-03,+3.2105532E+00,+2.5348743E+00,1
+59.0000E-03,+3.1603020E+00,+2.3338692E+00,1
+59.5000E-03,+2.9592970E+00,+2.2836180E+00,1
+60.0000E-03,+2.7582919E+00,+1.9318592E+00,1
+60.5000E-03,+2.8085432E+00,+2.1328642E+00,1
+61.0000E-03,+2.7582919E+00,+1.9318592E+00,1
+61.5000E-03,+2.4567844E+00,+1.5298491E+00,1
+62.0000E-03,+2.3562819E+00,+2.1328642E+00,1
+62.5000E-03,+2.3060306E+00,+1.7811054E+00,1
+63.0000E-03,+2.0547743E+00,+1.6303517E+00,1
+63.5000E-03,+2.3060306E+00,+1.5298491E+00,1
+64.0000E-03,+2.5572869E+00,+1.5298491E+00,1
+64.5000E-03,+2.6075382E+00,+1.4293466E+00,1
+65.0000E-03,+2.1552768E+00,+1.5298491E+00,1
+65.5000E-03,+2.3060306E+00,+1.6806029E+00,1
+66.0000E-03,+2.1552768E+00,+1.9318592E+00,1
+66.5000E-03,+2.1050256E+00,+1.7308542E+00,1
+67.0000E-03,+2.0547743E+00,+1.7308542E+00,1
+67.5000E-03,+2.6577894E+00,+1.8816079E+00,1
+68.0000E-03,+2.1552768E+00,+1.7308542E+00,1
+68.5000E-03,+2.2557794E+00,+2.1831155E+00,1
+69.0000E-03,+2.2557794E+00,+2.1328642E+00,1
+69.5000E-03,+2.8587944E+00,+2.1328642E+00,1
+70.0000E-03,+2.9592970E+00,+2.5348743E+00,1
+70.5000E-03,+2.6577894E+00,+2.3841205E+00,1
+71.0000E-03,+3.4618095E+00,+2.5348743E+00,1
+71.5000E-03,+2.9592970E+00,+2.6353768E+00,1
+72.0000E-03,+3.7633171E+00,+2.5348743E+00,1
+72.5000E-03,+3.6125633E+00,+2.5851255E+00,1
+73.0000E-03,+3.6628146E+00,+2.7358793E+00,1
+73.5000E-03,+3.4618095E+00,+2.7861306E+00,1
+74.0000E-03,+3.3613070E+00,+2.7358793E+00,1
+74.5000E-03,+3.7633171E+00,+2.4343718E+00,1
+75.0000E-03,+3.6628146E+00,+2.6353768E+00,1
+75.5000E-03,+3.7130658E+00,+3.1881406E+00,1
+76.0000E-03,+3.7633171E+00,+2.7358793E+00,1
+76.5000E-03,+4.0648246E+00,+3.1881406E+00,1
+77.0000E-03,+4.2658296E+00,+3.1378894E+00,1
+77.5000E-03,+4.2155784E+00,+3.0876381E+00,1
+78.0000E-03,+4.1653271E+00,+2.9368843E+00,1
+78.5000E-03,+4.2155784E+00,+2.8363818E+00,1
+79.0000E-03,+4.4668347E+00,+2.8363818E+00,1
+79.5000E-03,+4.2155784E+00,+2.9871356E+00,1
+80.0000E-03,+3.9643221E+00,+3.1378894E+00,1
+80.5000E-03,+4.0648246E+00,+3.0373868E+00,1
+81.0000E-03,+4.1653271E+00,+2.6353768E+00,1
+81.5000E-03,+4.0648246E+00,+2.6353768E+00,1
+82.0000E-03,+4.3663321E+00,+2.7358793E+00,1
+82.5000E-03,+4.0145733E+00,+2.5348743E+00,1
+83.0000E-03,+3.6628146E+00,+2.6353768E+00,1
+83.5000E-03,+3.8638196E+00,+2.4846230E+00,1
+84.0000E-03,+4.3663321E+00,+2.3338692E+00,1
+84.5000E-03,+3.9140708E+00,+2.4846230E+00,1
+85.0000E-03,+3.6628146E+00,+2.2333667E+00,1
+85.5000E-03,+3.9140708E+00,+2.4343718E+00,1
+86.0000E-03,+4.3663321E+00,+2.3338692E+00,1
+86.5000E-03,+3.8135683E+00,+2.6856280E+00,1
+87.0000E-03,+3.8638196E+00,+2.6353768E+00,1
+87.5000E-03,+3.5623120E+00,+2.4846230E+00,1
+88.0000E-03,+3.7633171E+00,+2.1328642E+00,1
+88.5000E-03,+4.1653271E+00,+2.5851255E+00,1
+89.0000E-03,+3.6628146E+00,+2.4343718E+00,1
+89.5000E-03,+3.5120608E+00,+2.7861306E+00,1
+90.0000E-03,+3.5623120E+00,+2.7358793E+00,1
+90.5000E-03,+3.6125633E+00,+1.9318592E+00,1
+91.0000E-03,+3.7633171E+00,+2.5348743E+00,1
+91.5000E-03,+3.4115583E+00,+2.4343718E+00,1
+92.0000E-03,+3.5623120E+00,+1.5298491E+00,1
+92.5000E-03,+4.0648246E+00,+1.9318592E+00,1
+93.0000E-03,+3.7633171E+00,+2.6353768E+00,1
+93.5000E-03,+4.0648246E+00,+2.8866331E+00,1
+94.0000E-03,+4.3663321E+00,+2.9368843E+00,1
+94.5000E-03,+4.1653271E+00,+2.9871356E+00,1
+95.0000E-03,+4.0648246E+00,+3.0373868E+00,1
+95.5000E-03,+4.3160809E+00,+3.4896482E+00,1
+96.0000E-03,+4.1653271E+00,+3.7409044E+00,1
+96.5000E-03,+4.1653271E+00,+3.5901507E+00,1
+97.0000E-03,+3.9643221E+00,+3.4393969E+00,1
+97.5000E-03,+4.4165834E+00,+3.6404019E+00,1
+98.0000E-03,+4.1653271E+00,+3.7409044E+00,1
+98.5000E-03,+3.9643221E+00,+3.6404019E+00,1
+99.0000E-03,+3.9643221E+00,+3.6404019E+00,1
+99.5000E-03,+4.5673372E+00,+3.7911557E+00,1
+100.0000E-03,+4.1653271E+00,+3.9419095E+00,0
+100.5000E-03,+4.2155784E+00,+3.8916582E+00,0
+101.0000E-03,+4.1653271E+00,+4.3439195E+00,0
+101.5000E-03,+4.1150759E+00,+4.2936683E+00,0
+102.0000E-03,+3.9643221E+00,+3.9419095E+00,0
+102.5000E-03,+4.0648246E+00,+4.2434170E+00,0
+103.0000E-03,+3.9643221E+00,+4.0424120E+00,0
+103.5000E-03,+3.6125633E+00,+4.0424120E+00,0
+104.0000E-03,+3.5623120E+00,+3.9419095E+00,0
+104.5000E-03,+3.8638196E+00,+4.0926632E+00,0
+105.0000E-03,+3.1603020E+00,+3.7409044E+00,0
+105.5000E-03,+3.6125633E+00,+4.0424120E+00,0
+106.0000E-03,+2.9592970E+00,+4.1429145E+00,0
+106.5000E-03,+2.4567844E+00,+3.9419095E+00,0
+107.0000E-03,+2.3562819E+00,+3.8414069E+00,0
+107.5000E-03,+2.9592970E+00,+4.2434170E+00,0
+108.0000E-03,+2.7582919E+00,+4.3439195E+00,0
+108.5000E-03,+2.5572869E+00,+3.7409044E+00,0
+109.0000E-03,+2.5572869E+00,+3.7409044E+00,0
+109.5000E-03,+2.3060306E+00,+3.6906532E+00,0
+110.0000E-03,+2.5572869E+00,+3.5398994E+00,0
+110.5000E-03,+2.0045231E+00,+3.8414069E+00,0
+111.0000E-03,+2.1552768E+00,+3.6404019E+00,0
+111.5000E-03,+2.2557794E+00,+3.7409044E+00,0
+112.0000E-03,+1.9542718E+00,+3.9419095E+00,0
+112.5000E-03,+2.4567844E+00,+4.0424120E+00,0
+113.0000E-03,+2.0547743E+00,+3.8414069E+00,0
+113.5000E-03,+2.2055281E+00,+3.8916582E+00,0
+114.0000E-03,+2.5572869E+00,+3.7409044E+00,0
+114.5000E-03,+2.5572869E+00,+3.7409044E+00,0
+115.0000E-03,+2.6577894E+00,+3.4393969E+00,0
+115.5000E-03,+2.7080407E+00,+3.5901507E+00,0
+116.0000E-03,+2.3562819E+00,+3.7409044E+00,0
+116.5000E-03,+2.8085432E+00,+3.5398994E+00,0
+117.0000E-03,+2.4567844E+00,+3.9419095E+00,0
+117.5000E-03,+2.5572869E+00,+3.9419095E+00,0
+118.0000E-03,+2.5572869E+00,+4.3439195E+00,0
+118.5000E-03,+2.9592970E+00,+3.9921607E+00,0
+119.0000E-03,+2.7582919E+00,+4.1429145E+00,0
+119.5000E-03,+3.1100507E+00,+4.2434170E+00,0
+120.0000E-03,+2.9592970E+00,+4.1429145E+00,0
+120.5000E-03,+3.2608045E+00,+3.7409044E+00,0
+121.0000E-03,+2.9592970E+00,+3.8414069E+00,0
+121.5000E-03,+3.0095482E+00,+3.9419095E+00,0
+122.0000E-03,+3.1603020E+00,+3.9419095E+00,0
+122.5000E-03,+3.5623120E+00,+4.0424120E+00,0
+123.0000E-03,+3.4618095E+00,+3.8414069E+00,0
+123.5000E-03,+3.3613070E+00,+3.9921607E+00,0
+124.0000E-03,+3.7633171E+00,+4.1429145E+00,0
+124.5000E-03,+3.6125633E+00,+4.1931657E+00,0
+125.0000E-03,+3.3613070E+00,+3.5398994E+00,0
+125.5000E-03,+3.6125633E+00,+4.0926632E+00,0
+126.0000E-03,+3.1603020E+00,+3.5398994E+00,0
+126.5000E-03,+3.5120608E+00,+3.5901507E+00,0
+127.0000E-03,+3.4618095E+00,+3.1378894E+00,0
+127.5000E-03,+3.4115583E+00,+2.8866331E+00,0
+128.0000E-03,+3.3613070E+00,+4.1429145E+00,0
+128.5000E-03,+3.1603020E+00,+3.3388944E+00,0
+129.0000E-03,+3.1603020E+00,+2.8363818E+00,0
+129.5000E-03,+3.0597995E+00,+3.0876381E+00,0
+130.0000E-03,+2.9592970E+00,+3.3388944E+00,0
+130.5000E-03,+2.9592970E+00,+2.5348743E+00,0
+131.0000E-03,+2.9592970E+00,+2.7358793E+00,0
+131.5000E-03,+2.8587944E+00,+2.3338692E+00,0
+132.0000E-03,+2.5572869E+00,+2.7358793E+00,0
+132.5000E-03,+2.9592970E+00,+2.5851255E+00,0
+133.0000E-03,+2.7582919E+00,+1.9318592E+00,0
+133.5000E-03,+2.3562819E+00,+1.7308542E+00,0
+134.0000E-03,+2.5572869E+00,+1.7308542E+00,0
+134.5000E-03,+2.1552768E+00,+1.8313567E+00,0
+135.0000E-03,+2.0547743E+00,+1.4293466E+00,0
+135.5000E-03,+2.1552768E+00,+1.7308542E+00,0
+136.0000E-03,+1.7532668E+00,+1.5298491E+00,0
+136.5000E-03,+2.1050256E+00,+1.3288441E+00,0
+137.0000E-03,+1.9542718E+00,+1.6303517E+00,0
+137.5000E-03,+2.1050256E+00,+1.8816079E+00,0
+138.0000E-03,+2.3562819E+00,+1.7308542E+00,0
+138.5000E-03,+2.1552768E+00,+1.9318592E+00,0
+139.0000E-03,+2.2557794E+00,+1.7308542E+00,0
+139.5000E-03,+2.0547743E+00,+2.1328642E+00,0
+140.0000E-03,+2.3562819E+00,+1.9318592E+00,0
+140.5000E-03,+2.5572869E+00,+2.0826130E+00,0
+141.0000E-03,+2.8587944E+00,+2.3338692E+00,0
+141.5000E-03,+2.6075382E+00,+2.1328642E+00,0
+142.0000E-03,+3.7633171E+00,+2.1328642E+00,0
+142.5000E-03,+3.3110558E+00,+2.3841205E+00,0
+143.0000E-03,+3.1603020E+00,+2.5348743E+00,0
+143.5000E-03,+3.1100507E+00,+2.5348743E+00,0
+144.0000E-03,+3.7633171E+00,+2.3338692E+00,0
+144.5000E-03,+3.4618095E+00,+2.7358793E+00,0
+145.0000E-03,+3.8638196E+00,+2.6353768E+00,0
+145.5000E-03,+4.2155784E+00,+2.7861306E+00,0
+146.0000E-03,+4.3663321E+00,+2.9368843E+00,0
+146.5000E-03,+4.4165834E+00,+2.9871356E+00,0
+147.0000E-03,+3.9643221E+00,+3.2383919E+00,0
+147.5000E-03,+3.7633171E+00,+3.3388944E+00,0
+148.0000E-03,+4.3663321E+00,+2.9368843E+00,0
+148.5000E-03,+4.3663321E+00,+3.0876381E+00,0
+149.0000E-03,+3.8638196E+00,+3.1378894E+00,0
+149.5000E-03,+3.7633171E+00,+3.0876381E+00,0
+150.0000E-03,+4.5673372E+00,+2.5348743E+00,0
+150.5000E-03,+4.2155784E+00,+2.7861306E+00,0
+151.0000E-03,+4.1653271E+00,+2.7358793E+00,0
+151.5000E-03,+4.4668347E+00,+2.8866331E+00,0
+152.0000E-03,+3.7633171E+00,+2.9368843E+00,0
+152.5000E-03,+4.0648246E+00,+2.8363818E+00,0
+153.0000E-03,+4.0648246E+00,+2.7358793E+00,0
+153.5000E-03,+3.9140708E+00,+2.5851255E+00,0
+154.0000E-03,+3.5623120E+00,+2.5348743E+00,0
+154.5000E-03,+3.9140708E+00,+2.1831155E+00,0
+155.0000E-03,+3.9643221E+00,+2.3338692E+00,0
+155.5000E-03,+3.6628146E+00,+2.3338692E+00,0
+156.0000E-03,+3.1603020E+00,+2.5348743E+00,0
+156.5000E-03,+3.3110558E+00,+2.3338692E+00,0
+157.0000E-03,+3.4618095E+00,+2.4343718E+00,0
+157.5000E-03,+3.7130658E+00,+2.7358793E+00,0
+158.0000E-03,+3.7633171E+00,+2.7358793E+00,0
+158.5000E-03,+3.7633171E+00,+2.2333667E+00,0
+159.0000E-03,+3.3613070E+00,+2.5348743E+00,0
+159.5000E-03,+3.3110558E+00,+2.3841205E+00,0
+160.0000E-03,+3.3613070E+00,+2.5348743E+00,0
+160.5000E-03,+3.7130658E+00,+2.4846230E+00,0
+161.0000E-03,+3.3613070E+00,+2.2333667E+00,0
+161.5000E-03,+3.6628146E+00,+2.5851255E+00,0
+162.0000E-03,+3.9643221E+00,+2.3338692E+00,0
+162.5000E-03,+3.9643221E+00,+2.2333667E+00,0
+163.0000E-03,+3.2608045E+00,+2.6353768E+00,0
+163.5000E-03,+3.5623120E+00,+2.3841205E+00,0
+164.0000E-03,+3.9643221E+00,+2.7358793E+00,0
+164.5000E-03,+3.7633171E+00,+3.0876381E+00,0
+165.0000E-03,+3.7633171E+00,+2.7358793E+00,0
+165.5000E-03,+4.0648246E+00,+2.4846230E+00,0
+166.0000E-03,+3.7633171E+00,+2.5348743E+00,0
+166.5000E-03,+4.5673372E+00,+2.8866331E+00,0
+167.0000E-03,+4.2658296E+00,+3.3388944E+00,0
+167.5000E-03,+3.7130658E+00,+3.6404019E+00,0
+168.0000E-03,+4.5673372E+00,+2.9368843E+00,0
+168.5000E-03,+3.7130658E+00,+3.3891456E+00,0
+169.0000E-03,+3.5623120E+00,+3.2383919E+00,0
+169.5000E-03,+3.9140708E+00,+3.8414069E+00,0
+170.0000E-03,+4.5673372E+00,+2.9368843E+00,0
+170.5000E-03,+4.0145733E+00,+3.3891456E+00,0
+171.0000E-03,+4.1653271E+00,+4.0424120E+00,0
+171.5000E-03,+3.9643221E+00,+3.5398994E+00,0
+172.0000E-03,+4.1653271E+00,+3.1378894E+00,0
+172.5000E-03,+3.8638196E+00,+4.2936683E+00,0
+173.0000E-03,+3.4618095E+00,+3.8414069E+00,0
+173.5000E-03,+3.7633171E+00,+3.8916582E+00,0
+174.0000E-03,+3.1603020E+00,+3.5398994E+00,0
+174.5000E-03,+2.9592970E+00,+3.5901507E+00,0
+175.0000E-03,+3.0597995E+00,+3.8414069E+00,0
+175.5000E-03,+3.1100507E+00,+3.6404019E+00,0
+176.0000E-03,+2.3562819E+00,+3.7409044E+00,0
+176.5000E-03,+3.0597995E+00,+3.1378894E+00,0
+177.0000E-03,+2.8587944E+00,+4.0424120E+00,0
+177.5000E-03,+2.3562819E+00,+3.8916582E+00,0
+178.0000E-03,+2.3562819E+00,+2.9368843E+00,0
+178.5000E-03,+2.6577894E+00,+3.3388944E+00,0
+179.0000E-03,+2.3562819E+00,+3.7409044E+00,0
+179.5000E-03,+1.9542718E+00,+3.9921607E+00,0
+180.0000E-03,+1.9542718E+00,+3.3388944E+00,0
+180.5000E-03,+2.0547743E+00,+3.4896482E+00,0
+181.0000E-03,+2.1552768E+00,+3.7409044E+00,0
+181.5000E-03,+1.8537693E+00,+3.4896482E+00,0
+182.0000E-03,+2.1552768E+00,+3.3388944E+00,0
+182.5000E-03,+2.1050256E+00,+3.2886431E+00,0
+183.0000E-03,+2.2557794E+00,+3.5398994E+00,0
+183.5000E-03,+1.9040206E+00,+3.4896482E+00,0
+184.0000E-03,+2.3562819E+00,+3.7409044E+00,0
+184.5000E-03,+2.2055281E+00,+3.0373868E+00,0
+185.0000E-03,+2.1552768E+00,+3.3388944E+00,0
+185.5000E-03,+2.3562819E+00,+3.2886431E+00,0
+186.0000E-03,+2.3562819E+00,+3.5398994E+00,0
+186.5000E-03,+2.4567844E+00,+3.5398994E+00,0
+187.0000E-03,+2.2557794E+00,+3.3388944E+00,0
+187.5000E-03,+2.7080407E+00,+3.9419095E+00,0
+188.0000E-03,+2.5572869E+00,+3.3388944E+00,0
+188.5000E-03,+2.2557794E+00,+3.7911557E+00,0
+189.0000E-03,+2.8587944E+00,+4.0424120E+00,0
+189.5000E-03,+2.8587944E+00,+3.5901507E+00,0
+190.0000E-03,+3.1603020E+00,+4.1429145E+00,0
+190.5000E-03,+2.8085432E+00,+3.4896482E+00,0
+191.0000E-03,+3.1603020E+00,+3.6404019E+00,0
+191.5000E-03,+3.0597995E+00,+3.9921607E+00,0
+192.0000E-03,+2.9592970E+00,+3.3388944E+00,0
+192.5000E-03,+3.1603020E+00,+3.8414069E+00,0
+193.0000E-03,+3.2608045E+00,+3.8414069E+00,0
+193.5000E-03,+3.3613070E+00,+3.6906532E+00,0
+194.0000E-03,+3.5623120E+00,+3.9419095E+00,0
+194.5000E-03,+3.4115583E+00,+3.5901507E+00,0
+195.0000E-03,+3.7633171E+00,+3.6404019E+00,0
+195.5000E-03,+3.5120608E+00,+3.9419095E+00,0
+196.0000E-03,+3.5623120E+00,+3.5398994E+00,0
+196.5000E-03,+3.3110558E+00,+3.3891456E+00,0
+197.0000E-03,+3.6628146E+00,+3.7409044E+00,0
+197.5000E-03,+3.5120608E+00,+3.3891456E+00,0
+198.0000E-03,+3.5623120E+00,+3.1378894E+00,0
+198.5000E-03,+3.4115583E+00,+2.7861306E+00,0
+199.0000E-03,+3.3613070E+00,+3.1378894E+00,0
+199.5000E-03,+3.4618095E+00,+2.7358793E+00,0
+200.0000E-03,+3.3613070E+00,+3.1378894E+00,1
+200.5000E-03,+3.3110558E+00,+2.6353768E+00,1
+201.0000E-03,+3.3613070E+00,+2.5348743E+00,1
+201.5000E-03,+3.1603020E+00,+2.5851255E+00,1
+202.0000E-03,+3.1603020E+00,+2.3338692E+00,1
+202.5000E-03,+3.0095482E+00,+2.1831155E+00,1
+203.0000E-03,+3.0597995E+00,+2.5348743E+00,1
+203.5000E-03,+2.5070356E+00,+1.6806029E+00,1
+204.0000E-03,+2.7582919E+00,+1.9318592E+00,1
+204.5000E-03,+2.6075382E+00,+1.8313567E+00,1
+205.0000E-03,+2.6577894E+00,+1.8313567E+00,1
+205.5000E-03,+2.4567844E+00,+1.9318592E+00,1
+206.0000E-03,+2.1552768E+00,+1.3288441E+00,1
+206.5000E-03,+2.3060306E+00,+1.8816079E+00,1
+207.0000E-03,+2.0547743E+00,+1.5298491E+00,1
+207.5000E-03,+2.1552768E+00,+1.5801004E+00,1
+208.0000E-03,+2.3562819E+00,+1.5298491E+00,1
+208.5000E-03,+2.0045231E+00,+1.5801004E+00,1
+209.0000E-03,+2.0547743E+00,+1.7308542E+00,1
+209.5000E-03,+2.4065331E+00,+1.7308542E+00,1
+210.0000E-03,+1.7532668E+00,+1.7308542E+00,1
+210.5000E-03,+2.0547743E+00,+2.0323617E+00,1
+211.0000E-03,+2.2557794E+00,+1.8313567E+00,1
+211.5000E-03,+2.6577894E+00,+2.0323617E+00,1
+212.0000E-03,+3.1603020E+00,+1.7308542E+00,1
+212.5000E-03,+2.6075382E+00,+2.0826130E+00,1
+213.0000E-03,+3.0597995E+00,+2.3338692E+00,1
+213.5000E-03,+2.5070356E+00,+2.2333667E+00,1
+214.0000E-03,+3.1603020E+00,+2.7358793E+00,1
+214.5000E-03,+3.2608045E+00,+2.5851255E+00,1
+215.0000E-03,+3.4618095E+00,+2.6353768E+00,1
+215.5000E-03,+3.1100507E+00,+2.7861306E+00,1
+216.0000E-03,+3.9643221E+00,+2.7358793E+00,1
+216.5000E-03,+3.8135683E+00,+2.9368843E+00,1
+217.0000E-03,+3.5623120E+00,+2.9368843E+00,1
+217.5000E-03,+4.1150759E+00,+2.9368843E+00,1
+218.0000E-03,+3.9643221E+00,+3.1378894E+00,1
+218.5000E-03,+3.8638196E+00,+2.8363818E+00,1
+219.0000E-03,+4.0648246E+00,+3.2383919E+00,1
+219.5000E-03,+4.0145733E+00,+2.8866331E+00,1
+220.0000E-03,+4.1653271E+00,+3.1378894E+00,1
+220.5000E-03,+4.2155784E+00,+3.0876381E+00,1
+221.0000E-03,+3.7633171E+00,+3.0373868E+00,1
+221.5000E-03,+4.0648246E+00,+2.9871356E+00,1
+222.0000E-03,+3.9643221E+00,+2.9368843E+00,1
+222.5000E-03,+4.2658296E+00,+2.9368843E+00,1
+223.0000E-03,+4.2658296E+00,+2.9368843E+00,1
+223.5000E-03,+4.1653271E+00,+2.3841205E+00,1
+224.0000E-03,+3.9643221E+00,+2.5348743E+00,1
+224.5000E-03,+4.0648246E+00,+2.6856280E+00,1
+225.0000E-03,+3.7633171E+00,+2.6353768E+00,1
+225.5000E-03,+3.8135683E+00,+2.4846230E+00,1
+226.0000E-03,+3.9643221E+00,+2.5348743E+00,1
+226.5000E-03,+3.9140708E+00,+2.3841205E+00,1
+227.0000E-03,+4.2658296E+00,+2.5348743E+00,1
+227.5000E-03,+3.7130658E+00,+2.3841205E+00,1
+228.0000E-03,+4.1653271E+00,+2.3338692E+00,1
+228.5000E-03,+3.4618095E+00,+2.2836180E+00,1
+229.0000E-03,+4.0648246E+00,+2.2333667E+00,1
+229.5000E-03,+4.0145733E+00,+2.3841205E+00,1
+230.0000E-03,+3.7633171E+00,+2.9368843E+00,1
+230.5000E-03,+3.4618095E+00,+2.3338692E+00,1
+231.0000E-03,+3.7633171E+00,+2.5348743E+00,1
+231.5000E-03,+4.2155784E+00,+2.6353768E+00,1
+232.0000E-03,+3.1603020E+00,+2.5348743E+00,1
+232.5000E-03,+3.5623120E+00,+2.3841205E+00,1
+233.0000E-03,+3.8638196E+00,+2.6353768E+00,1
+233.5000E-03,+3.5623120E+00,+2.6353768E+00,1
+234.0000E-03,+3.9643221E+00,+2.7358793E+00,1
+234.5000E-03,+3.9643221E+00,+2.1831155E+00,1
+235.0000E-03,+3.3613070E+00,+2.4343718E+00,1
+235.5000E-03,+3.6125633E+00,+2.6856280E+00,1
+236.0000E-03,+4.3663321E+00,+2.9368843E+00,1
+236.5000E-03,+3.9140708E+00,+3.0876381E+00,1
+237.0000E-03,+4.1653271E+00,+2.6353768E+00,1
+237.5000E-03,+4.0648246E+00,+3.3891456E+00,1
+238.0000E-03,+4.3663321E+00,+3.7409044E+00,1
+238.5000E-03,+4.4165834E+00,+3.0373868E+00,1
+239.0000E-03,+4.1653271E+00,+3.4393969E+00,1
+239.5000E-03,+4.1150759E+00,+3.4393969E+00,1
+240.0000E-03,+4.5673372E+00,+4.1429145E+00,1
+240.5000E-03,+4.1653271E+00,+3.3388944E+00,1
+241.0000E-03,+4.1653271E+00,+3.9419095E+00,1
+241.5000E-03,+4.2155784E+00,+3.9419095E+00,1
+242.0000E-03,+4.5673372E+00,+3.9419095E+00,1
+242.5000E-03,+4.2658296E+00,+4.3439195E+00,1
+243.0000E-03,+4.3663321E+00,+4.3439195E+00,1
+243.5000E-03,+4.4165834E+00,+3.8916582E+00,1
+244.0000E-03,+4.1653271E+00,+4.1429145E+00,1
+244.5000E-03,+4.2155784E+00,+4.1931657E+00,1
+245.0000E-03,+3.9643221E+00,+4.3439195E+00,1
+245.5000E-03,+4.1653271E+00,+3.8916582E+00,1
+246.0000E-03,+3.9643221E+00,+4.3439195E+00,1
+246.5000E-03,+3.9140708E+00,+3.9921607E+00,1
+247.0000E-03,+3.5623120E+00,+4.0424120E+00,1
+247.5000E-03,+3.6628146E+00,+3.6404019E+00,1
+248.0000E-03,+3.3613070E+00,+4.1429145E+00,1
+248.5000E-03,+3.3613070E+00,+3.9419095E+00,1
+249.0000E-03,+2.8587944E+00,+4.0424120E+00,1
+249.5000E-03,+2.5572869E+00,+4.0926632E+00,1
+250.0000E-03,+3.5623120E+00,+3.7409044E+00,1
+250.5000E-03,+2.9592970E+00,+3.9921607E+00,1
+251.0000E-03,+2.6577894E+00,+3.8414069E+00,1
+251.5000E-03,+2.1552768E+00,+3.9419095E+00,1
+252.0000E-03,+2.3562819E+00,+3.5398994E+00,1
+252.5000E-03,+2.1552768E+00,+3.7409044E+00,1
+253.0000E-03,+1.6527643E+00,+3.2383919E+00,1
+253.5000E-03,+2.0045231E+00,+3.6906532E+00,1
+254.0000E-03,+2.1552768E+00,+3.9419095E+00,1
+254.5000E-03,+2.1552768E+00,+3.5901507E+00,1
+255.0000E-03,+1.8537693E+00,+3.9419095E+00,1
+255.5000E-03,+2.3060306E+00,+3.7409044E+00,1
+256.0000E-03,+2.1552768E+00,+3.5398994E+00,1
+256.5000E-03,+2.4065331E+00,+3.6906532E+00,1
+257.0000E-03,+2.4567844E+00,+3.4393969E+00,1
+257.5000E-03,+2.5070356E+00,+3.6404019E+00,1
+258.0000E-03,+2.5572869E+00,+3.9419095E+00,1
+258.5000E-03,+2.7080407E+00,+3.8414069E+00,1
+259.0000E-03,+2.7582919E+00,+3.5398994E+00,1
+259.5000E-03,+2.5070356E+00,+3.7409044E+00,1
+260.0000E-03,+2.5572869E+00,+3.7409044E+00,1
+260.5000E-03,+2.6075382E+00,+3.5398994E+00,1
+261.0000E-03,+2.9592970E+00,+4.0424120E+00,1
+261.5000E-03,+3.2608045E+00,+4.0424120E+00,1
+262.0000E-03,+2.9592970E+00,+3.9419095E+00,1
+262.5000E-03,+3.0597995E+00,+3.7911557E+00,1
+263.0000E-03,+3.1603020E+00,+3.6404019E+00,1
+263.5000E-03,+3.2105532E+00,+3.8916582E+00,1
+264.0000E-03,+3.5623120E+00,+3.9419095E+00,1
+264.5000E-03,+3.1603020E+00,+3.9921607E+00,1
+265.0000E-03,+3.3613070E+00,+4.1429145E+00,1
+265.5000E-03,+3.5623120E+00,+4.5449245E+00,1
+266.0000E-03,+3.5623120E+00,+4.1429145E+00,1
+266.5000E-03,+3.8135683E+00,+4.0424120E+00,1
+267.0000E-03,+3.4618095E+00,+3.8414069E+00,1
+267.5000E-03,+3.3613070E+00,+4.2936683E+00,1
+268.0000E-03,+3.5623120E+00,+3.9419095E+00,1
+268.5000E-03,+3.5120608E+00,+3.9921607E+00,1
+269.0000E-03,+3.5623120E+00,+3.7409044E+00,1
+269.5000E-03,+3.2105532E+00,+2.7861306E+00,1
+270.0000E-03,+3.3613070E+00,+3.3388944E+00,1
+270.5000E-03,+3.1603020E+00,+3.4896482E+00,1
+271.0000E-03,+3.0597995E+00,+2.8363818E+00,1
+271.5000E-03,+3.3613070E+00,+3.3891456E+00,1
+272.0000E-03,+3.1603020E+00,+3.1378894E+00,1
+272.5000E-03,+2.9090457E+00,+2.5348743E+00,1
+273.0000E-03,+3.4618095E+00,+2.9368843E+00,1
+273.5000E-03,+3.0095482E+00,+2.0826130E+00,1
+274.0000E-03,+2.7582919E+00,+3.1378894E+00,1
+274.5000E-03,+3.0095482E+00,+2.8363818E+00,1
+275.0000E-03,+2.6577894E+00,+2.3338692E+00,1
+275.5000E-03,+2.5070356E+00,+2.0323617E+00,1
+276.0000E-03,+2.7582919E+00,+2.1328642E+00,1
+276.5000E-03,+2.6075382E+00,+1.8313567E+00,1
+277.0000E-03,+2.5572869E+00,+1.8313567E+00,1
+277.5000E-03,+2.2055281E+00,+1.9821105E+00,1
+278.0000E-03,+2.3562819E+00,+1.9318592E+00,1
+278.5000E-03,+2.0045231E+00,+1.7308542E+00,1
+279.0000E-03,+2.2557794E+00,+1.6303517E+00,1
+279.5000E-03,+2.3562819E+00,+1.4795979E+00,1
+280.0000E-03,+1.9542718E+00,+1.7308542E+00,1
+280.5000E-03,+2.2557794E+00,+1.7308542E+00,1
+281.0000E-03,+2.2557794E+00,+1.7308542E+00,1
+281.5000E-03,+2.0045231E+00,+1.4293466E+00,1
+282.0000E-03,+2.5572869E+00,+2.3338692E+00,1
+282.5000E-03,+1.9040206E+00,+2.1328642E+00,1
+283.0000E-03,+2.7582919E+00,+1.9318592E+00,1
+283.5000E-03,+2.3060306E+00,+1.8816079E+00,1
+284.0000E-03,+2.3562819E+00,+2.1328642E+00,1
+284.5000E-03,+2.5572869E+00,+2.2333667E+00,1
+285.0000E-03,+3.1603020E+00,+2.2333667E+00,1
+285.5000E-03,+3.6125633E+00,+2.1831155E+00,1
+286.0000E-03,+3.5623120E+00,+2.3338692E+00,1
+286.5000E-03,+3.6628146E+00,+2.3841205E+00,1
+287.0000E-03,+3.6628146E+00,+2.5348743E+00,1
+287.5000E-03,+4.0648246E+00,+2.6353768E+00,1
+288.0000E-03,+4.3663321E+00,+2.7358793E+00,1
+288.5000E-03,+4.4668347E+00,+2.9368843E+00,1
+289.0000E-03,+3.7633171E+00,+2.8363818E+00,1
+289.5000E-03,+3.4115583E+00,+3.0876381E+00,1
+290.0000E-03,+3.9643221E+00,+3.3388944E+00,1
+290.5000E-03,+3.7633171E+00,+3.1881406E+00,1
+291.0000E-03,+4.0648246E+00,+3.2383919E+00,1
+291.5000E-03,+4.2658296E+00,+3.1378894E+00,1
+292.0000E-03,+4.1653271E+00,+3.1378894E+00,1
+292.5000E-03,+3.9643221E+00,+2.8363818E+00,1
+293.0000E-03,+4.1653271E+00,+2.7358793E+00,1
+293.5000E-03,+3.4115583E+00,+3.0876381E+00,1
+294.0000E-03,+4.3663321E+00,+2.7358793E+00,1
+294.5000E-03,+3.8135683E+00,+2.4846230E+00,1
+295.0000E-03,+3.8638196E+00,+2.8363818E+00,1
+295.5000E-03,+3.6628146E+00,+2.6353768E+00,1
+296.0000E-03,+3.5623120E+00,+2.1328642E+00,1
+296.5000E-03,+3.9643221E+00,+2.5851255E+00,1
+297.0000E-03,+3.8638196E+00,+2.3338692E+00,1
+297.5000E-03,+3.5623120E+00,+2.5348743E+00,1
+298.0000E-03,+3.7633171E+00,+2.1328642E+00,1
+298.5000E-03,+4.2155784E+00,+2.3841205E+00,1
+299.0000E-03,+3.4618095E+00,+2.2333667E+00,1
+299.5000E-03,+4.0145733E+00,+2.3841205E+00,1
+300.0000E-03,+3.3613070E+00,+2.1328642E+00,0
+300.5000E-03,+3.4115583E+00,+2.0826130E+00,0
+301.0000E-03,+3.8638196E+00,+2.5348743E+00,0
+301.5000E-03,+3.5120608E+00,+2.4343718E+00,0
+302.0000E-03,+3.1603020E+00,+2.3338692E+00,0
+302.5000E-03,+3.4618095E+00,+2.2333667E+00,0
+303.0000E-03,+3.8638196E+00,+2.1328642E+00,0
+303.5000E-03,+3.2105532E+00,+2.2836180E+00,0
+304.0000E-03,+3.7633171E+00,+2.5348743E+00,0
+304.5000E-03,+3.4618095E+00,+2.6353768E+00,0
+305.0000E-03,+3.7633171E+00,+2.5348743E+00,0
+305.5000E-03,+3.0095482E+00,+2.2333667E+00,0
+306.0000E-03,+4.3663321E+00,+2.7358793E+00,0
+306.5000E-03,+3.9140708E+00,+2.4343718E+00,0
+307.0000E-03,+4.1653271E+00,+2.1328642E+00,0
+307.5000E-03,+3.5623120E+00,+2.0826130E+00,0
+308.0000E-03,+3.9643221E+00,+2.3338692E+00,0
+308.5000E-03,+3.7633171E+00,+2.9871356E+00,0
+309.0000E-03,+3.9643221E+00,+2.7358793E+00,0
+309.5000E-03,+3.6628146E+00,+2.8363818E+00,0
+310.0000E-03,+3.9643221E+00,+2.3338692E+00,0
+310.5000E-03,+3.7130658E+00,+3.5901507E+00,0
+311.0000E-03,+3.7633171E+00,+3.2383919E+00,0
+311.5000E-03,+4.1150759E+00,+3.2886431E+00,0
+312.0000E-03,+4.1653271E+00,+2.9368843E+00,0
+312.5000E-03,+3.7633171E+00,+3.1378894E+00,0
+313.0000E-03,+3.9643221E+00,+3.5398994E+00,0
+313.5000E-03,+3.8638196E+00,+3.6906532E+00,0
+314.0000E-03,+3.9643221E+00,+3.7409044E+00,0
+314.5000E-03,+4.3160809E+00,+3.7911557E+00,0
+315.0000E-03,+4.1653271E+00,+4.1429145E+00,0
+315.5000E-03,+3.7633171E+00,+3.8916582E+00,0
+316.0000E-03,+3.3613070E+00,+4.1429145E+00,0
+316.5000E-03,+3.4115583E+00,+3.7409044E+00,0
+317.0000E-03,+2.9592970E+00,+3.7409044E+00,0
+317.5000E-03,+2.7582919E+00,+3.5398994E+00,0
+318.0000E-03,+2.9592970E+00,+3.7409044E+00,0
+318.5000E-03,+3.2105532E+00,+4.0424120E+00,0
+319.0000E-03,+2.7582919E+00,+4.1429145E+00,0
+319.5000E-03,+3.2608045E+00,+4.1429145E+00,0
+320.0000E-03,+2.1552768E+00,+3.7409044E+00,0
+320.5000E-03,+2.3562819E+00,+3.1881406E+00,0
+321.0000E-03,+2.3562819E+00,+3.4393969E+00,0
+321.5000E-03,+2.3060306E+00,+3.9419095E+00,0
+322.0000E-03,+2.1552768E+00,+3.7409044E+00,0
+322.5000E-03,+2.0045231E+00,+3.0876381E+00,0
+323.0000E-03,+2.4567844E+00,+3.5398994E+00,0
+323.5000E-03,+2.0547743E+00,+4.0424120E+00,0
+324.0000E-03,+2.1552768E+00,+3.3388944E+00,0
+324.5000E-03,+2.1050256E+00,+3.5901507E+00,0
+325.0000E-03,+2.1552768E+00,+3.3388944E+00,0
+325.5000E-03,+1.8537693E+00,+3.5901507E+00,0
+326.0000E-03,+2.1552768E+00,+2.9368843E+00,0
+326.5000E-03,+1.9542718E+00,+3.5901507E+00,0
+327.0000E-03,+1.9542718E+00,+3.5398994E+00,0
+327.5000E-03,+2.1552768E+00,+3.5901507E+00,0
+328.0000E-03,+2.3562819E+00,+3.7409044E+00,0
+328.5000E-03,+2.5572869E+00,+3.5901507E+00,0
+329.0000E-03,+2.3562819E+00,+3.5398994E+00,0
+329.5000E-03,+2.3562819E+00,+3.9419095E+00,0
+330.0000E-03,+2.5572869E+00,+3.7409044E+00,0
+330.5000E-03,+2.4065331E+00,+3.2886431E+00,0
+331.0000E-03,+2.5572869E+00,+3.7409044E+00,0
+331.5000E-03,+2.4567844E+00,+3.5398994E+00,0
+332.0000E-03,+2.9592970E+00,+3.7409044E+00,0
+332.5000E-03,+2.6577894E+00,+3.6404019E+00,0
+333.0000E-03,+2.7582919E+00,+3.9419095E+00,0
+333.5000E-03,+3.0597995E+00,+3.9921607E+00,0
+334.0000E-03,+3.3613070E+00,+2.9368843E+00,0
+334.5000E-03,+3.0597995E+00,+3.6404019E+00,0
+335.0000E-03,+3.2608045E+00,+3.8414069E+00,0
+335.5000E-03,+3.5120608E+00,+3.6404019E+00,0
+336.0000E-03,+3.5623120E+00,+3.9419095E+00,0
+336.5000E-03,+3.1603020E+00,+3.5901507E+00,0
+337.0000E-03,+3.5623120E+00,+3.7409044E+00,0
+337.5000E-03,+3.4115583E+00,+3.6906532E+00,0
+338.0000E-03,+4.1653271E+00,+3.7409044E+00,0
+338.5000E-03,+3.5120608E+00,+3.9419095E+00,0
+339.0000E-03,+3.7633171E+00,+3.8414069E+00,0
+339.5000E-03,+3.5623120E+00,+3.8916582E+00,0
+340.0000E-03,+4.1653271E+00,+3.9419095E+00,0
+340.5000E-03,+3.4115583E+00,+3.4393969E+00,0
+341.0000E-03,+3.5623120E+00,+3.2383919E+00,0
+341.5000E-03,+3.4115583E+00,+3.2886431E+00,0
+342.0000E-03,+3.3613070E+00,+2.9368843E+00,0
+342.5000E-03,+3.5120608E+00,+3.0373868E+00,0
+343.0000E-03,+3.2608045E+00,+2.6353768E+00,0
+343.5000E-03,+3.1100507E+00,+2.4846230E+00,0
+344.0000E-03,+3.1603020E+00,+1.9318592E+00,0
+344.5000E-03,+3.0597995E+00,+2.0826130E+00,0
+345.0000E-03,+3.0597995E+00,+2.4343718E+00,0
+345.5000E-03,+2.8085432E+00,+2.4343718E+00,0
+346.0000E-03,+2.9592970E+00,+2.3338692E+00,0
+346.5000E-03,+2.9592970E+00,+1.8816079E+00,0
+347.0000E-03,+2.6577894E+00,+2.1328642E+00,0
+347.5000E-03,+2.6577894E+00,+1.7308542E+00,0
+348.0000E-03,+2.3562819E+00,+2.5348743E+00,0
+348.5000E-03,+2.2055281E+00,+1.6303517E+00,0
+349.0000E-03,+2.2557794E+00,+1.6303517E+00,0
+349.5000E-03,+2.3060306E+00,+2.0826130E+00,0
+350.0000E-03,+2.1552768E+00,+1.5298491E+00,0
+350.5000E-03,+2.2557794E+00,+1.1780903E+00,0
+351.0000E-03,+2.3562819E+00,+1.4293466E+00,0
+351.5000E-03,+2.5572869E+00,+1.6806029E+00,0
+352.0000E-03,+2.7582919E+00,+1.7308542E+00,0
+352.5000E-03,+2.5070356E+00,+1.7308542E+00,0
+353.0000E-03,+2.2557794E+00,+1.8313567E+00,0
+353.5000E-03,+2.0547743E+00,+2.0826130E+00,0
+354.0000E-03,+2.5572869E+00,+1.9318592E+00,0
+354.5000E-03,+2.1050256E+00,+1.8816079E+00,0
+355.0000E-03,+2.6577894E+00,+2.1328642E+00,0
+355.5000E-03,+3.2608045E+00,+2.0826130E+00,0
+356.0000E-03,+2.9592970E+00,+2.1328642E+00,0
+356.5000E-03,+3.2608045E+00,+2.3338692E+00,0
+357.0000E-03,+3.2608045E+00,+2.7358793E+00,0
+357.5000E-03,+3.6125633E+00,+2.7861306E+00,0
+358.0000E-03,+3.3613070E+00,+2.5348743E+00,0
+358.5000E-03,+3.4618095E+00,+2.5851255E+00,0
+359.0000E-03,+2.9592970E+00,+2.5348743E+00,0
+359.5000E-03,+3.5623120E+00,+2.7358793E+00,0
+360.0000E-03,+3.9643221E+00,+2.7358793E+00,0
+360.5000E-03,+3.9140708E+00,+2.9368843E+00,0
+361.0000E-03,+3.7633171E+00,+3.1378894E+00,0
+361.5000E-03,+4.0145733E+00,+3.0373868E+00,0
+362.0000E-03,+4.1653271E+00,+3.1378894E+00,0
+362.5000E-03,+4.2155784E+00,+2.9871356E+00,0
+363.0000E-03,+4.1653271E+00,+3.2383919E+00,0
+363.5000E-03,+4.4668347E+00,+3.0373868E+00,0
+364.0000E-03,+4.1653271E+00,+3.1378894E+00,0
+364.5000E-03,+4.1150759E+00,+3.0876381E+00,0
+365.0000E-03,+3.9643221E+00,+2.7358793E+00,0
+365.5000E-03,+3.9643221E+00,+2.6856280E+00,0
+366.0000E-03,+4.3663321E+00,+2.9368843E+00,0
+366.5000E-03,+4.1150759E+00,+2.8363818E+00,0
+367.0000E-03,+4.1653271E+00,+2.9368843E+00,0
+367.5000E-03,+3.9643221E+00,+2.5348743E+00,0
+368.0000E-03,+4.3663321E+00,+2.7358793E+00,0
+368.5000E-03,+4.2658296E+00,+2.5851255E+00,0
+369.0000E-03,+4.3663321E+00,+2.6353768E+00,0
+369.5000E-03,+4.0648246E+00,+2.4846230E+00,0
+370.0000E-03,+3.9643221E+00,+2.3338692E+00,0
+370.5000E-03,+3.7633171E+00,+2.2836180E+00,0
+371.0000E-03,+4.0648246E+00,+2.4343718E+00,0
+371.5000E-03,+3.7633171E+00,+2.1328642E+00,0
+372.0000E-03,+3.9643221E+00,+2.3338692E+00,0
+372.5000E-03,+3.7130658E+00,+2.4846230E+00,0
+373.0000E-03,+3.9643221E+00,+2.7358793E+00,0
+373.5000E-03,+3.8135683E+00,+2.6353768E+00,0
+374.0000E-03,+3.7633171E+00,+2.9368843E+00,0
+374.5000E-03,+3.4618095E+00,+2.2836180E+00,0
+375.0000E-03,+3.6628146E+00,+2.2333667E+00,0
+375.5000E-03,+3.7633171E+00,+2.6353768E+00,0
+376.0000E-03,+3.3613070E+00,+2.7358793E+00,0
+376.5000E-03,+3.7633171E+00,+2.3338692E+00,0
+377.0000E-03,+3.7633171E+00,+2.3338692E+00,0
+377.5000E-03,+4.0145733E+00,+2.5851255E+00,0
+378.0000E-03,+3.5623120E+00,+2.9368843E+00,0
+378.5000E-03,+3.7633171E+00,+2.9871356E+00,0
+379.0000E-03,+4.1653271E+00,+2.7358793E+00,0
+379.5000E-03,+4.5170859E+00,+2.7861306E+00,0
+380.0000E-03,+4.1653271E+00,+3.5398994E+00,0
+380.5000E-03,+4.1653271E+00,+3.3388944E+00,0
+381.0000E-03,+4.3663321E+00,+3.5398994E+00,0
+381.5000E-03,+4.2658296E+00,+3.4393969E+00,0
+382.0000E-03,+4.5673372E+00,+3.3388944E+00,0
+382.5000E-03,+4.4165834E+00,+3.3388944E+00,0
+383.0000E-03,+4.2658296E+00,+3.3388944E+00,0
+383.5000E-03,+4.0648246E+00,+3.4393969E+00,0
+384.0000E-03,+4.3663321E+00,+4.1429145E+00,0
+384.5000E-03,+4.5673372E+00,+3.7911557E+00,0
+385.0000E-03,+4.0648246E+00,+3.4393969E+00,0
+385.5000E-03,+4.4165834E+00,+3.8916582E+00,0
+386.0000E-03,+4.1653271E+00,+4.5449245E+00,0
+386.5000E-03,+4.0648246E+00,+4.0424120E+00,0
+387.0000E-03,+3.6628146E+00,+4.3439195E+00,0
+387.5000E-03,+4.2155784E+00,+3.9419095E+00,0
+388.0000E-03,+4.3663321E+00,+4.3439195E+00,0
+388.5000E-03,+3.6628146E+00,+3.9921607E+00,0
+389.0000E-03,+4.1653271E+00,+4.1429145E+00,0
+389.5000E-03,+3.4115583E+00,+4.2936683E+00,0
+390.0000E-03,+3.5623120E+00,+3.7409044E+00,0
+390.5000E-03,+3.7130658E+00,+4.2936683E+00,0
+391.0000E-03,+3.1603020E+00,+4.0424120E+00,0
+391.5000E-03,+3.5120608E+00,+4.1931657E+00,0
+392.0000E-03,+3.1603020E+00,+3.9419095E+00,0
+392.5000E-03,+2.6075382E+00,+3.6906532E+00,0
+393.0000E-03,+2.5572869E+00,+4.0424120E+00,0
+393.5000E-03,+3.4115583E+00,+3.7911557E+00,0
+394.0000E-03,+2.7582919E+00,+3.9419095E+00,0
+394.5000E-03,+2.8085432E+00,+4.1429145E+00,0
+395.0000E-03,+2.4567844E+00,+4.1429145E+00,0
+395.5000E-03,+2.4065331E+00,+3.8414069E+00,0
+396.0000E-03,+2.1552768E+00,+3.7409044E+00,0
+396.5000E-03,+2.2557794E+00,+3.7911557E+00,0
+397.0000E-03,+2.3562819E+00,+3.6404019E+00,0
+397.5000E-03,+2.0547743E+00,+3.6906532E+00,0
+398.0000E-03,+2.3562819E+00,+4.1429145E+00,0
+398.5000E-03,+2.2557794E+00,+3.9419095E+00,0
+399.0000E-03,+2.2557794E+00,+3.8414069E+00,0
+399.5000E-03,+2.4065331E+00,+3.3388944E+00,0
+400.0000E-03,+2.5572869E+00,+3.9419095E+00,1
+400.5000E-03,+2.7582919E+00,+3.3891456E+00,1
+401.0000E-03,+2.7582919E+00,+3.7409044E+00,1
+401.5000E-03,+2.7582919E+00,+3.4896482E+00,1
+402.0000E-03,+2.5572869E+00,+3.5398994E+00,1
+402.5000E-03,+2.5070356E+00,+3.8414069E+00,1
+403.0000E-03,+2.7582919E+00,+3.5398994E+00,1
+403.5000E-03,+2.5572869E+00,+3.5398994E+00,1
+404.0000E-03,+2.9592970E+00,+4.1429145E+00,1
+404.5000E-03,+2.9090457E+00,+3.6404019E+00,1
+405.0000E-03,+2.9592970E+00,+3.8414069E+00,1
+405.5000E-03,+3.2608045E+00,+3.7409044E+00,1
+406.0000E-03,+3.1603020E+00,+4.1429145E+00,1
+406.5000E-03,+3.3613070E+00,+4.0926632E+00,1
+407.0000E-03,+3.2608045E+00,+3.6404019E+00,1
+407.5000E-03,+3.2608045E+00,+3.8916582E+00,1
+408.0000E-03,+3.5623120E+00,+3.5398994E+00,1
+408.5000E-03,+3.6628146E+00,+3.7911557E+00,1
+409.0000E-03,+3.4618095E+00,+3.6404019E+00,1
+409.5000E-03,+3.4618095E+00,+4.2936683E+00,1
+410.0000E-03,+3.7633171E+00,+4.1429145E+00,1
+410.5000E-03,+3.5623120E+00,+3.7911557E+00,1
+411.0000E-03,+3.5623120E+00,+3.6404019E+00,1
+411.5000E-03,+3.3110558E+00,+3.4393969E+00,1
+412.0000E-03,+3.9643221E+00,+2.9368843E+00,1
+412.5000E-03,+3.3613070E+00,+3.4896482E+00,1
+413.0000E-03,+3.4618095E+00,+3.2383919E+00,1
+413.5000E-03,+3.4115583E+00,+3.5398994E+00,1
+414.0000E-03,+3.3613070E+00,+2.9368843E+00,1
+414.5000E-03,+3.3613070E+00,+3.1378894E+00,1
+415.0000E-03,+3.1603020E+00,+2.7358793E+00,1
+415.5000E-03,+3.2608045E+00,+2.7358793E+00,1
+416.0000E-03,+3.1603020E+00,+2.3338692E+00,1
+416.5000E-03,+2.8587944E+00,+2.4846230E+00,1
+417.0000E-03,+2.9592970E+00,+2.6353768E+00,1
+417.5000E-03,+3.3110558E+00,+2.5851255E+00,1
+418.0000E-03,+2.5572869E+00,+2.5348743E+00,1
+418.5000E-03,+2.8085432E+00,+2.1831155E+00,1
+419.0000E-03,+2.3562819E+00,+1.9318592E+00,1
+419.5000E-03,+2.2557794E+00,+1.8816079E+00,1
+420.0000E-03,+1.9542718E+00,+1.7308542E+00,1
+420.5000E-03,+2.0547743E+00,+1.9318592E+00,1
+421.0000E-03,+2.3562819E+00,+1.7308542E+00,1
+421.5000E-03,+2.2557794E+00,+1.8313567E+00,1
+422.0000E-03,+2.1552768E+00,+1.5298491E+00,1
+422.5000E-03,+1.9542718E+00,+1.6806029E+00,1
+423.0000E-03,+1.9542718E+00,+1.7308542E+00,1
+423.5000E-03,+2.1552768E+00,+1.4795979E+00,1
+424.0000E-03,+2.1552768E+00,+1.7308542E+00,1
+424.5000E-03,+2.3060306E+00,+1.3288441E+00,1
+425.0000E-03,+2.2557794E+00,+1.8313567E+00,1
+425.5000E-03,+2.2557794E+00,+1.7308542E+00,1
+426.0000E-03,+2.1552768E+00,+1.9318592E+00,1
+426.5000E-03,+2.6577894E+00,+1.6806029E+00,1
+427.0000E-03,+2.3562819E+00,+1.9318592E+00,1
+427.5000E-03,+2.3562819E+00,+2.0826130E+00,1
+428.0000E-03,+2.3562819E+00,+2.3338692E+00,1
+428.5000E-03,+3.2105532E+00,+2.5348743E+00,1
+429.0000E-03,+3.1603020E+00,+2.5348743E+00,1
+429.5000E-03,+3.1603020E+00,+2.7358793E+00,1
+430.0000E-03,+2.9592970E+00,+2.3338692E+00,1
+430.5000E-03,+2.9592970E+00,+2.8363818E+00,1
+431.0000E-03,+3.7633171E+00,+2.8363818E+00,1
+431.5000E-03,+3.8135683E+00,+2.4846230E+00,1
+432.0000E-03,+4.3663321E+00,+2.7358793E+00,1
+432.5000E-03,+3.8135683E+00,+3.0876381E+00,1
+433.0000E-03,+3.9643221E+00,+3.2383919E+00,1
+433.5000E-03,+3.7130658E+00,+3.1881406E+00,1
+434.0000E-03,+3.5623120E+00,+2.9368843E+00,1
+434.5000E-03,+3.6125633E+00,+3.1378894E+00,1
+435.0000E-03,+4.4668347E+00,+3.0373868E+00,1
+435.5000E-03,+3.6125633E+00,+3.0373868E+00,1
+436.0000E-03,+4.7683422E+00,+3.1378894E+00,1
+436.5000E-03,+4.4165834E+00,+2.9368843E+00,1
+437.0000E-03,+4.1653271E+00,+2.7358793E+00,1
+437.5000E-03,+4.1653271E+00,+2.4846230E+00,1
+438.0000E-03,+4.1653271E+00,+2.9368843E+00,1
+438.5000E-03,+4.4165834E+00,+2.7861306E+00,1
+439.0000E-03,+3.7633171E+00,+2.5348743E+00,1
+439.5000E-03,+3.5120608E+00,+2.3338692E+00,1
+440.0000E-03,+4.3663321E+00,+2.7358793E+00,1
+440.5000E-03,+4.4668347E+00,+2.3841205E+00,1
+441.0000E-03,+4.0648246E+00,+2.7358793E+00,1
+441.5000E-03,+3.8135683E+00,+2.3338692E+00,1
+442.0000E-03,+2.9592970E+00,+2.1328642E+00,1
+442.5000E-03,+3.7130658E+00,+2.3338692E+00,1
+443.0000E-03,+3.5623120E+00,+2.3338692E+00,1
+443.5000E-03,+3.5623120E+00,+2.1831155E+00,1
+444.0000E-03,+3.5623120E+00,+2.5348743E+00,1
+444.5000E-03,+3.1603020E+00,+2.5348743E+00,1
+445.0000E-03,+3.9643221E+00,+2.3338692E+00,1
+445.5000E-03,+3.4618095E+00,+2.5851255E+00,1
+446.0000E-03,+3.7633171E+00,+2.1328642E+00,1
+446.5000E-03,+3.7130658E+00,+2.7358793E+00,1
+447.0000E-03,+3.2608045E+00,+2.2333667E+00,1
+447.5000E-03,+3.4618095E+00,+2.4343718E+00,1
+448.0000E-03,+3.3613070E+00,+2.5348743E+00,1
+448.5000E-03,+3.5623120E+00,+2.2836180E+00,1
+449.0000E-03,+3.4618095E+00,+2.6353768E+00,1
+449.5000E-03,+3.4618095E+00,+2.1831155E+00,1
+450.0000E-03,+3.1603020E+00,+2.3338692E+00,1
+450.5000E-03,+3.5120608E+00,+2.3338692E+00,1
+451.0000E-03,+4.0648246E+00,+2.9368843E+00,1
+451.5000E-03,+4.1653271E+00,+2.8363818E+00,1
+452.0000E-03,+3.5623120E+00,+2.7358793E+00,1
+452.5000E-03,+3.9140708E+00,+2.4343718E+00,1
+453.0000E-03,+3.9643221E+00,+3.0373868E+00,1
+453.5000E-03,+3.5120608E+00,+3.4393969E+00,1
+454.0000E-03,+3.7633171E+00,+2.7358793E+00,1
+454.5000E-03,+3.5120608E+00,+2.9871356E+00,1
+455.0000E-03,+3.7633171E+00,+3.3388944E+00,1
+455.5000E-03,+3.7633171E+00,+3.5398994E+00,1
+456.0000E-03,+3.5623120E+00,+2.9368843E+00,1
+456.5000E-03,+4.0648246E+00,+3.3388944E+00,1
+457.0000E-03,+3.8638196E+00,+3.7409044E+00,1
+457.5000E-03,+3.7633171E+00,+4.0926632E+00,1
+458.0000E-03,+3.1603020E+00,+3.9419095E+00,1
+458.5000E-03,+3.6125633E+00,+3.5398994E+00,1
+459.0000E-03,+3.5623120E+00,+3.5398994E+00,1
+459.5000E-03,+3.5120608E+00,+3.6906532E+00,1
+460.0000E-03,+3.1603020E+00,+3.7409044E+00,1
+460.5000E-03,+2.9090457E+00,+3.7911557E+00,1
+461.0000E-03,+2.6577894E+00,+3.7409044E+00,1
+461.5000E-03,+3.3110558E+00,+3.8916582E+00,1
+462.0000E-03,+2.9592970E+00,+3.7409044E+00,1
+462.5000E-03,+2.4567844E+00,+3.9921607E+00,1
+463.0000E-03,+3.0597995E+00,+4.1429145E+00,1
+463.5000E-03,+2.4065331E+00,+3.3891456E+00,1
+464.0000E-03,+2.5572869E+00,+3.5398994E+00,1
+464.5000E-03,+2.6577894E+00,+3.9921607E+00,1
+465.0000E-03,+2.3562819E+00,+3.3388944E+00,1
+465.5000E-03,+2.0547743E+00,+3.6906532E+00,1
+466.0000E-03,+1.9542718E+00,+3.1378894E+00,1
+466.5000E-03,+1.9040206E+00,+3.4896482E+00,1
+467.0000E-03,+2.2557794E+00,+3.4393969E+00,1
+467.5000E-03,+2.0547743E+00,+3.8916582E+00,1
+468.0000E-03,+1.9542718E+00,+3.1378894E+00,1
+468.5000E-03,+2.2055281E+00,+3.4393969E+00,1
+469.0000E-03,+2.2557794E+00,+3.1378894E+00,1
+469.5000E-03,+1.8537693E+00,+3.1881406E+00,1
+470.0000E-03,+2.3562819E+00,+3.7409044E+00,1
+470.5000E-03,+2.2557794E+00,+3.3891456E+00,1
+471.0000E-03,+2.3562819E+00,+3.4393969E+00,1
+471.5000E-03,+2.4065331E+00,+3.5398994E+00,1
+472.0000E-03,+2.5572869E+00,+3.9419095E+00,1
+472.5000E-03,+2.3562819E+00,+3.3891456E+00,1
+473.0000E-03,+2.3562819E+00,+3.7409044E+00,1
+473.5000E-03,+2.3562819E+00,+3.5901507E+00,1
+474.0000E-03,+2.7582919E+00,+3.5398994E+00,1
+474.5000E-03,+2.6075382E+00,+3.6906532E+00,1
+475.0000E-03,+2.9592970E+00,+3.8414069E+00,1
+475.5000E-03,+3.0597995E+00,+3.4896482E+00,1
+476.0000E-03,+2.7582919E+00,+3.7409044E+00,1
+476.5000E-03,+3.0095482E+00,+4.0424120E+00,1
+477.0000E-03,+3.0597995E+00,+4.0424120E+00,1
+477.5000E-03,+3.1603020E+00,+3.9419095E+00,1
+478.0000E-03,+2.9592970E+00,+3.9419095E+00,1
+478.5000E-03,+3.7130658E+00,+3.9419095E+00,1
+479.0000E-03,+3.2608045E+00,+3.8414069E+00,1
+479.5000E-03,+3.6125633E+00,+3.9419095E+00,1
+480.0000E-03,+3.5623120E+00,+3.7409044E+00,1
+480.5000E-03,+3.4115583E+00,+3.8414069E+00,1
+481.0000E-03,+3.5623120E+00,+3.4393969E+00,1
+481.5000E-03,+3.6628146E+00,+3.6906532E+00,1
+482.0000E-03,+3.7633171E+00,+4.1429145E+00,1
+482.5000E-03,+3.6125633E+00,+3.8916582E+00,1
+483.0000E-03,+3.6628146E+00,+3.5398994E+00,1
+483.5000E-03,+3.5120608E+00,+3.1378894E+00,1
+484.0000E-03,+3.3613070E+00,+3.3388944E+00,1
+484.5000E-03,+3.5623120E+00,+3.1378894E+00,1
+485.0000E-03,+3.2608045E+00,+2.9368843E+00,1
+485.5000E-03,+3.4115583E+00,+2.9871356E+00,1
+486.0000E-03,+3.3613070E+00,+2.5348743E+00,1
+486.5000E-03,+3.1603020E+00,+2.6856280E+00,1
+487.0000E-03,+3.2608045E+00,+2.8363818E+00,1
+487.5000E-03,+3.3110558E+00,+2.8363818E+00,1
+488.0000E-03,+3.1603020E+00,+2.9368843E+00,1
+488.5000E-03,+3.3613070E+00,+2.1328642E+00,1
+489.0000E-03,+3.1603020E+00,+2.4343718E+00,1
+489.5000E-03,+3.0095482E+00,+2.2836180E+00,1
+490.0000E-03,+2.3562819E+00,+1.7308542E+00,1
+490.5000E-03,+2.9090457E+00,+1.9821105E+00,1
+491.0000E-03,+2.2557794E+00,+2.0323617E+00,1
+491.5000E-03,+2.5572869E+00,+1.8313567E+00,1
+492.0000E-03,+2.1552768E+00,+1.9318592E+00,1
+492.5000E-03,+2.4065331E+00,+1.9821105E+00,1
+493.0000E-03,+2.1552768E+00,+1.6303517E+00,1
+493.5000E-03,+2.3562819E+00,+1.3790954E+00,1
+494.0000E-03,+2.1552768E+00,+1.7308542E+00,1
+494.5000E-03,+1.8537693E+00,+1.6806029E+00,1
+495.0000E-03,+2.1552768E+00,+1.5298491E+00,1
+495.5000E-03,+2.2557794E+00,+1.7811054E+00,1
+496.0000E-03,+1.7532668E+00,+2.1328642E+00,1
+496.5000E-03,+2.0547743E+00,+2.0826130E+00,1
+497.0000E-03,+2.4567844E+00,+1.8313567E+00,1
+497.5000E-03,+2.5572869E+00,+2.1831155E+00,1
+498.0000E-03,+3.1603020E+00,+1.7308542E+00,1
+498.5000E-03,+3.2608045E+00,+2.3338692E+00,1
+499.0000E-03,+2.9592970E+00,+2.1328642E+00,1
+499.5000E-03,+3.5623120E+00,+2.3338692E+00,1
